sample_id,predicted_class,confidence
CSHT_0000,attack,0.9992
CSHT_0001,attack,0.6465
CSHT_0002,attack,0.9992
CSHT_0003,attack,0.9992
CSHT_0004,attack,0.5693
CSHT_0005,attack,0.6749
CSHT_0006,attack,0.9992
CSHT_0007,attack,0.9284
CSHT_0008,attack,0.9992
CSHT_0009,attack,0.9992
CSHT_0010,attack,0.9936
CSHT_0011,normal,0.9499
CSHT_0012,attack,0.9584
CSHT_0013,attack,0.9778
CSHT_0014,attack,0.9734
CSHT_0015,attack,0.9992
CSHT_0016,attack,0.9992
CSHT_0017,normal,0.5843
CSHT_0018,attack,0.9243
CSHT_0019,attack,0.956
CSHT_0020,attack,0.9852
CSHT_0021,normal,0.7627
CSHT_0022,attack,0.9813
CSHT_0023,attack,0.9837
CSHT_0024,attack,0.9992
CSHT_0025,attack,0.9751
CSHT_0026,attack,0.9587
CSHT_0027,attack,0.9828
CSHT_0028,attack,0.9895
CSHT_0029,attack,0.9438
CSHT_0030,attack,0.7894
CSHT_0031,normal,0.7453
CSHT_0032,attack,0.9992
CSHT_0033,attack,0.9992
CSHT_0034,attack,0.9792
CSHT_0035,attack,0.9992
CSHT_0036,attack,0.7618
CSHT_0037,attack,0.915
CSHT_0038,attack,0.9992
CSHT_0039,attack,0.9992
CSHT_0040,attack,0.9501
CSHT_0041,attack,0.6648
CSHT_0042,attack,0.9992
CSHT_0043,attack,0.9926
CSHT_0044,attack,0.8801
CSHT_0045,attack,0.9905
CSHT_0046,attack,0.9992
CSHT_0047,attack,0.515
CSHT_0048,attack,0.9992
CSHT_0049,attack,0.9992
CSHT_0050,attack,0.9992
CSHT_0051,attack,0.5577
CSHT_0052,attack,0.9992
CSHT_0053,attack,0.9655
CSHT_0054,attack,0.5238
CSHT_0055,attack,0.987
CSHT_0056,attack,0.9992
CSHT_0057,attack,0.9964
CSHT_0058,attack,0.9527
CSHT_0059,attack,0.9452
CSHT_0060,attack,0.9992
CSHT_0061,attack,0.6699
CSHT_0062,attack,0.9992
CSHT_0063,attack,0.9127
CSHT_0064,attack,0.9608
CSHT_0065,attack,0.9793
CSHT_0066,attack,0.9992
CSHT_0067,attack,0.9479
CSHT_0068,attack,0.9992
CSHT_0069,attack,0.957
CSHT_0070,attack,0.9992
CSHT_0071,normal,0.6315
CSHT_0072,attack,0.9992
CSHT_0073,attack,0.9784
CSHT_0074,attack,0.9988
CSHT_0075,attack,0.9992
CSHT_0076,attack,0.993
CSHT_0077,attack,0.5852
CSHT_0078,attack,0.9992
CSHT_0079,attack,0.9992
CSHT_0080,attack,0.9811
CSHT_0081,normal,0.5281
CSHT_0082,attack,0.9992
CSHT_0083,attack,0.9992
CSHT_0084,attack,0.9992
CSHT_0085,attack,0.9992
CSHT_0086,attack,0.8684
CSHT_0087,attack,0.5939
CSHT_0088,attack,0.9992
CSHT_0089,attack,0.9548
CSHT_0090,attack,0.9992
CSHT_0091,attack,0.5202
CSHT_0092,attack,0.9831
CSHT_0093,attack,0.9355
CSHT_0094,attack,0.9098
CSHT_0095,attack,0.9992
CSHT_0096,attack,0.8628
CSHT_0097,attack,0.6849
CSHT_0098,attack,0.9002
CSHT_0099,attack,0.9566
CSHT_0100,attack,0.9792
CSHT_0101,attack,0.6219
CSHT_0102,attack,0.9992
CSHT_0103,attack,0.9842
CSHT_0104,attack,0.7885
CSHT_0105,attack,0.9992
CSHT_0106,attack,0.9992
CSHT_0107,attack,0.8974
CSHT_0108,attack,0.9693
CSHT_0109,attack,0.9992
CSHT_0110,attack,0.8909
CSHT_0111,attack,0.5328
CSHT_0112,attack,0.9992
CSHT_0113,attack,0.9992
CSHT_0114,attack,0.9668
CSHT_0115,attack,0.9992
CSHT_0116,attack,0.9992
CSHT_0117,attack,0.9538
CSHT_0118,attack,0.9992
CSHT_0119,attack,0.9992
CSHT_0120,attack,0.9356
CSHT_0121,attack,0.9986
CSHT_0122,attack,0.9838
CSHT_0123,attack,0.9922
CSHT_0124,attack,0.9539
CSHT_0125,attack,0.9877
CSHT_0126,attack,0.9271
CSHT_0127,attack,0.9992
CSHT_0128,attack,0.9992
CSHT_0129,attack,0.9992
CSHT_0130,attack,0.7035
CSHT_0131,normal,0.5646
CSHT_0132,attack,0.9789
CSHT_0133,attack,0.9992
CSHT_0134,attack,0.7488
CSHT_0135,attack,0.9992
CSHT_0136,attack,0.9992
CSHT_0137,attack,0.9191
CSHT_0138,attack,0.9811
CSHT_0139,attack,0.9992
CSHT_0140,attack,0.9759
CSHT_0141,attack,0.7951
CSHT_0142,attack,0.9992
CSHT_0143,attack,0.9992
CSHT_0144,attack,0.9836
CSHT_0145,attack,0.9992
CSHT_0146,attack,0.9992
CSHT_0147,attack,0.8201
CSHT_0148,attack,0.9364
CSHT_0149,attack,0.9992
CSHT_0150,attack,0.9163
CSHT_0151,normal,0.5253
CSHT_0152,attack,0.9748
CSHT_0153,attack,0.9992
CSHT_0154,attack,0.8749
CSHT_0155,attack,0.9393
CSHT_0156,attack,0.9992
CSHT_0157,attack,0.9218
CSHT_0158,attack,0.9992
CSHT_0159,attack,0.9992
CSHT_0160,attack,0.9406
CSHT_0161,attack,0.6779
CSHT_0162,attack,0.9992
CSHT_0163,attack,0.9821
CSHT_0164,attack,0.785
CSHT_0165,attack,0.9992
CSHT_0166,attack,0.9992
CSHT_0167,attack,0.9678
CSHT_0168,attack,0.9992
CSHT_0169,attack,0.9992
CSHT_0170,attack,0.9992
CSHT_0171,attack,0.9751
CSHT_0172,attack,0.9992
CSHT_0173,attack,0.7657
CSHT_0174,attack,0.8599
CSHT_0175,attack,0.9992
CSHT_0176,attack,0.9992
CSHT_0177,attack,0.999
CSHT_0178,attack,0.9992
CSHT_0179,attack,0.9419
CSHT_0180,attack,0.9708
CSHT_0181,normal,0.9718
CSHT_0182,attack,0.9992
CSHT_0183,attack,0.7347
CSHT_0184,attack,0.8408
CSHT_0185,attack,0.9992
CSHT_0186,attack,0.9888
CSHT_0187,attack,0.7935
CSHT_0188,attack,0.9992
CSHT_0189,attack,0.9921
CSHT_0190,attack,0.9992
CSHT_0191,attack,0.9788
CSHT_0192,attack,0.9154
CSHT_0193,attack,0.9368
CSHT_0194,attack,0.6091
CSHT_0195,attack,0.9992
CSHT_0196,attack,0.9667
CSHT_0197,attack,0.8863
CSHT_0198,attack,0.9992
CSHT_0199,attack,0.9992
CSHT_0200,attack,0.9797
CSHT_0201,attack,0.6392
CSHT_0202,attack,0.9992
CSHT_0203,attack,0.9992
CSHT_0204,attack,0.948
CSHT_0205,attack,0.9992
CSHT_0206,attack,0.9992
CSHT_0207,attack,0.9145
CSHT_0208,attack,0.9992
CSHT_0209,attack,0.9992
CSHT_0210,attack,0.9992
CSHT_0211,normal,0.6259
CSHT_0212,attack,0.9913
CSHT_0213,attack,0.9118
CSHT_0214,attack,0.7775
CSHT_0215,attack,0.9992
CSHT_0216,attack,0.9633
CSHT_0217,attack,0.8521
CSHT_0218,attack,0.9992
CSHT_0219,attack,0.9992
CSHT_0220,attack,0.9948
CSHT_0221,attack,0.9248
CSHT_0222,attack,0.9992
CSHT_0223,attack,0.9053
CSHT_0224,attack,0.5848
CSHT_0225,attack,0.7728
CSHT_0226,attack,0.9992
CSHT_0227,attack,0.7481
CSHT_0228,attack,0.935
CSHT_0229,attack,0.9992
CSHT_0230,attack,0.986
CSHT_0231,attack,0.9992
CSHT_0232,attack,0.9992
CSHT_0233,attack,0.9725
CSHT_0234,attack,0.7438
CSHT_0235,attack,0.9992
CSHT_0236,attack,0.9675
CSHT_0237,attack,0.9992
CSHT_0238,attack,0.9992
CSHT_0239,attack,0.8733
CSHT_0240,attack,0.9496
CSHT_0241,attack,0.9498
CSHT_0242,attack,0.9992
CSHT_0243,attack,0.9992
CSHT_0244,attack,0.8272
CSHT_0245,attack,0.9992
CSHT_0246,attack,0.9747
CSHT_0247,normal,0.5071
CSHT_0248,attack,0.9992
CSHT_0249,attack,0.7537
CSHT_0250,attack,0.9467
CSHT_0251,normal,0.6513
CSHT_0252,attack,0.9415
CSHT_0253,attack,0.9629
CSHT_0254,attack,0.8897
CSHT_0255,attack,0.9723
CSHT_0256,attack,0.9054
CSHT_0257,attack,0.9862
CSHT_0258,attack,0.9992
CSHT_0259,attack,0.9615
CSHT_0260,attack,0.9596
CSHT_0261,normal,0.5048
CSHT_0262,attack,0.9992
CSHT_0263,attack,0.9584
CSHT_0264,attack,0.8142
CSHT_0265,attack,0.9992
CSHT_0266,attack,0.9992
CSHT_0267,attack,0.8977
CSHT_0268,attack,0.9992
CSHT_0269,attack,0.9992
CSHT_0270,attack,0.9842
CSHT_0271,attack,0.922
CSHT_0272,attack,0.9992
CSHT_0273,attack,0.9992
CSHT_0274,attack,0.688
CSHT_0275,attack,0.9992
CSHT_0276,attack,0.9992
CSHT_0277,attack,0.9686
CSHT_0278,attack,0.9534
CSHT_0279,attack,0.9992
CSHT_0280,attack,0.821
CSHT_0281,attack,0.8801
CSHT_0282,attack,0.9992
CSHT_0283,attack,0.8877
CSHT_0284,attack,0.9843
CSHT_0285,attack,0.9992
CSHT_0286,attack,0.9796
CSHT_0287,attack,0.8249
CSHT_0288,attack,0.9992
CSHT_0289,attack,0.9317
CSHT_0290,attack,0.9629
CSHT_0291,attack,0.9432
CSHT_0292,attack,0.9992
CSHT_0293,attack,0.6926
CSHT_0294,attack,0.9644
CSHT_0295,attack,0.9992
CSHT_0296,attack,0.9561
CSHT_0297,attack,0.7445
CSHT_0298,attack,0.9531
CSHT_0299,attack,0.9779
CSHT_0300,attack,0.9516
CSHT_0301,normal,0.5123
CSHT_0302,attack,0.9992
CSHT_0303,attack,0.816
CSHT_0304,attack,0.7803
CSHT_0305,attack,0.9992
CSHT_0306,attack,0.9669
CSHT_0307,attack,0.9894
CSHT_0308,attack,0.9992
CSHT_0309,attack,0.9376
CSHT_0310,attack,0.9992
CSHT_0311,attack,0.8792
CSHT_0312,attack,0.9827
CSHT_0313,attack,0.9492
CSHT_0314,attack,0.9092
CSHT_0315,attack,0.9911
CSHT_0316,attack,0.9822
CSHT_0317,attack,0.9992
CSHT_0318,attack,0.9992
CSHT_0319,attack,0.9992
CSHT_0320,attack,0.9992
CSHT_0321,attack,0.9401
CSHT_0322,attack,0.9817
CSHT_0323,attack,0.9992
CSHT_0324,attack,0.867
CSHT_0325,attack,0.9992
CSHT_0326,attack,0.9046
CSHT_0327,attack,0.973
CSHT_0328,attack,0.9992
CSHT_0329,attack,0.9886
CSHT_0330,attack,0.9849
CSHT_0331,attack,0.9992
CSHT_0332,attack,0.9992
CSHT_0333,attack,0.9992
CSHT_0334,attack,0.9809
CSHT_0335,attack,0.9992
CSHT_0336,attack,0.8981
CSHT_0337,attack,0.8313
CSHT_0338,attack,0.9992
CSHT_0339,attack,0.9992
CSHT_0340,attack,0.9161
CSHT_0341,normal,0.6629
CSHT_0342,attack,0.9992
CSHT_0343,attack,0.8656
CSHT_0344,attack,0.6531
CSHT_0345,attack,0.9992
CSHT_0346,attack,0.9992
CSHT_0347,attack,0.9266
CSHT_0348,attack,0.9599
CSHT_0349,attack,0.9518
CSHT_0350,attack,0.9435
CSHT_0351,normal,0.75
CSHT_0352,attack,0.9992
CSHT_0353,attack,0.9992
CSHT_0354,attack,0.7597
CSHT_0355,attack,0.9992
CSHT_0356,attack,0.978
CSHT_0357,attack,0.9635
CSHT_0358,attack,0.9799
CSHT_0359,attack,0.9992
CSHT_0360,attack,0.805
CSHT_0361,attack,0.6411
CSHT_0362,attack,0.9892
CSHT_0363,attack,0.974
CSHT_0364,attack,0.9401
CSHT_0365,attack,0.9758
CSHT_0366,attack,0.9766
CSHT_0367,attack,0.8936
CSHT_0368,attack,0.9968
CSHT_0369,attack,0.9882
CSHT_0370,attack,0.9845
CSHT_0371,attack,0.9635
CSHT_0372,attack,0.9657
CSHT_0373,attack,0.8122
CSHT_0374,attack,0.9992
CSHT_0375,attack,0.9746
CSHT_0376,attack,0.9992
CSHT_0377,attack,0.9405
CSHT_0378,attack,0.9992
CSHT_0379,attack,0.8784
CSHT_0380,attack,0.9843
CSHT_0381,attack,0.6622
CSHT_0382,attack,0.9877
CSHT_0383,attack,0.7974
CSHT_0384,attack,0.8798
CSHT_0385,attack,0.9992
CSHT_0386,attack,0.9762
CSHT_0387,attack,0.9315
CSHT_0388,attack,0.9583
CSHT_0389,attack,0.9992
CSHT_0390,attack,0.6664
CSHT_0391,attack,0.706
CSHT_0392,attack,0.9992
CSHT_0393,attack,0.7972
CSHT_0394,attack,0.9408
CSHT_0395,attack,0.9992
CSHT_0396,attack,0.9349
CSHT_0397,attack,0.9992
CSHT_0398,attack,0.9992
CSHT_0399,attack,0.9895
CSHT_0400,attack,0.9992
CSHT_0401,attack,0.7293
CSHT_0402,attack,0.9992
CSHT_0403,attack,0.9992
CSHT_0404,attack,0.7059
CSHT_0405,attack,0.9992
CSHT_0406,attack,0.9589
CSHT_0407,attack,0.9334
CSHT_0408,attack,0.9809
CSHT_0409,attack,0.7648
CSHT_0410,attack,0.9992
CSHT_0411,attack,0.6815
CSHT_0412,attack,0.9992
CSHT_0413,attack,0.9992
CSHT_0414,attack,0.5703
CSHT_0415,attack,0.9992
CSHT_0416,attack,0.972
CSHT_0417,attack,0.7553
CSHT_0418,attack,0.9807
CSHT_0419,attack,0.9992
CSHT_0420,attack,0.9049
CSHT_0421,normal,0.9718
CSHT_0422,attack,0.9992
CSHT_0423,attack,0.9568
CSHT_0424,attack,0.9318
CSHT_0425,attack,0.9992
CSHT_0426,attack,0.9992
CSHT_0427,attack,0.7632
CSHT_0428,attack,0.8066
CSHT_0429,attack,0.9992
CSHT_0430,attack,0.9992
CSHT_0431,attack,0.9643
CSHT_0432,attack,0.9992
CSHT_0433,attack,0.9992
CSHT_0434,attack,0.9992
CSHT_0435,attack,0.9992
CSHT_0436,attack,0.9835
CSHT_0437,attack,0.8499
CSHT_0438,attack,0.9992
CSHT_0439,attack,0.9804
CSHT_0440,attack,0.968
CSHT_0441,attack,0.9433
CSHT_0442,attack,0.9992
CSHT_0443,attack,0.9984
CSHT_0444,attack,0.9321
CSHT_0445,attack,0.9722
CSHT_0446,attack,0.9221
CSHT_0447,attack,0.7651
CSHT_0448,attack,0.9992
CSHT_0449,attack,0.9437
CSHT_0450,attack,0.951
CSHT_0451,normal,0.6205
CSHT_0452,attack,0.9992
CSHT_0453,attack,0.9992
CSHT_0454,attack,0.5994
CSHT_0455,attack,0.9992
CSHT_0456,attack,0.9992
CSHT_0457,attack,0.7243
CSHT_0458,attack,0.9992
CSHT_0459,attack,0.9992
CSHT_0460,attack,0.9596
CSHT_0461,attack,0.6582
CSHT_0462,attack,0.9815
CSHT_0463,attack,0.9992
CSHT_0464,attack,0.9931
CSHT_0465,attack,0.9992
CSHT_0466,attack,0.9955
CSHT_0467,attack,0.8822
CSHT_0468,attack,0.9992
CSHT_0469,attack,0.9992
CSHT_0470,attack,0.8125
CSHT_0471,normal,0.6803
CSHT_0472,attack,0.9992
CSHT_0473,attack,0.9109
CSHT_0474,attack,0.6284
CSHT_0475,attack,0.9992
CSHT_0476,attack,0.8996
CSHT_0477,attack,0.9992
CSHT_0478,attack,0.9992
CSHT_0479,attack,0.9992
CSHT_0480,attack,0.7965
CSHT_0481,attack,0.9509
CSHT_0482,attack,0.9992
CSHT_0483,attack,0.8223
CSHT_0484,attack,0.9013
CSHT_0485,attack,0.976
CSHT_0486,attack,0.9622
CSHT_0487,attack,0.9991
CSHT_0488,attack,0.9934
CSHT_0489,attack,0.9992
CSHT_0490,attack,0.9992
CSHT_0491,attack,0.8118
CSHT_0492,attack,0.8146
CSHT_0493,attack,0.9992
CSHT_0494,attack,0.9199
CSHT_0495,attack,0.9992
CSHT_0496,attack,0.9667
CSHT_0497,normal,0.5324
CSHT_0498,attack,0.9969
CSHT_0499,attack,0.9861
CSHT_0500,attack,0.975
CSHT_0501,attack,0.9678
CSHT_0502,attack,0.9992
CSHT_0503,attack,0.9992
CSHT_0504,attack,0.999
CSHT_0505,attack,0.9992
CSHT_0506,attack,0.975
CSHT_0507,attack,0.9838
CSHT_0508,attack,0.9992
CSHT_0509,attack,0.9569
CSHT_0510,attack,0.9992
CSHT_0511,attack,0.8977
CSHT_0512,attack,0.9992
CSHT_0513,attack,0.9992
CSHT_0514,attack,0.7828
CSHT_0515,attack,0.9992
CSHT_0516,attack,0.9992
CSHT_0517,attack,0.701
CSHT_0518,attack,0.9992
CSHT_0519,attack,0.9925
CSHT_0520,attack,0.9455
CSHT_0521,attack,0.8527
CSHT_0522,attack,0.9992
CSHT_0523,attack,0.9282
CSHT_0524,attack,0.9777
CSHT_0525,attack,0.9992
CSHT_0526,attack,0.9769
CSHT_0527,attack,0.8408
CSHT_0528,attack,0.9992
CSHT_0529,attack,0.9992
CSHT_0530,attack,0.9754
CSHT_0531,normal,0.5775
CSHT_0532,attack,0.9992
CSHT_0533,attack,0.9992
CSHT_0534,attack,0.9197
CSHT_0535,attack,0.9992
CSHT_0536,attack,0.9504
CSHT_0537,attack,0.9415
CSHT_0538,attack,0.9992
CSHT_0539,attack,0.9653
CSHT_0540,attack,0.9518
CSHT_0541,attack,0.928
CSHT_0542,attack,0.791
CSHT_0543,attack,0.9992
CSHT_0544,attack,0.7222
CSHT_0545,attack,0.9992
CSHT_0546,attack,0.8521
CSHT_0547,attack,0.7182
CSHT_0548,attack,0.988
CSHT_0549,attack,0.9992
CSHT_0550,attack,0.8747
CSHT_0551,attack,0.9697
CSHT_0552,attack,0.9992
CSHT_0553,attack,0.7541
CSHT_0554,attack,0.7133
CSHT_0555,attack,0.9992
CSHT_0556,attack,0.9992
CSHT_0557,normal,0.6216
CSHT_0558,attack,0.9841
CSHT_0559,attack,0.9264
CSHT_0560,attack,0.9807
CSHT_0561,attack,0.6712
CSHT_0562,attack,0.9632
CSHT_0563,attack,0.9864
CSHT_0564,attack,0.9561
CSHT_0565,attack,0.9607
CSHT_0566,attack,0.933
CSHT_0567,attack,0.9448
CSHT_0568,attack,0.9992
CSHT_0569,attack,0.9992
CSHT_0570,attack,0.8824
CSHT_0571,attack,0.9176
CSHT_0572,attack,0.9992
CSHT_0573,attack,0.9735
CSHT_0574,attack,0.9384
CSHT_0575,attack,0.9802
CSHT_0576,attack,0.9939
CSHT_0577,attack,0.8556
CSHT_0578,attack,0.7796
CSHT_0579,attack,0.9316
CSHT_0580,attack,0.977
CSHT_0581,normal,0.7638
CSHT_0582,attack,0.9551
CSHT_0583,attack,0.9842
CSHT_0584,attack,0.9755
CSHT_0585,attack,0.9992
CSHT_0586,attack,0.9965
CSHT_0587,attack,0.9986
CSHT_0588,attack,0.9992
CSHT_0589,attack,0.9992
CSHT_0590,attack,0.9276
CSHT_0591,attack,0.9301
CSHT_0592,attack,0.9992
CSHT_0593,attack,0.9557
CSHT_0594,attack,0.7028
CSHT_0595,attack,0.9646
CSHT_0596,attack,0.9992
CSHT_0597,attack,0.8825
CSHT_0598,attack,0.9992
CSHT_0599,attack,0.9992
CSHT_0600,attack,0.8997
CSHT_0601,attack,0.9619
CSHT_0602,attack,0.9992
CSHT_0603,attack,0.9143
CSHT_0604,attack,0.942
CSHT_0605,attack,0.9992
CSHT_0606,attack,0.9668
CSHT_0607,attack,0.8408
CSHT_0608,attack,0.9992
CSHT_0609,attack,0.9787
CSHT_0610,attack,0.973
CSHT_0611,attack,0.6578
CSHT_0612,attack,0.9087
CSHT_0613,attack,0.9992
CSHT_0614,attack,0.9399
CSHT_0615,attack,0.986
CSHT_0616,attack,0.9126
CSHT_0617,attack,0.9448
CSHT_0618,attack,0.8779
CSHT_0619,attack,0.9992
CSHT_0620,attack,0.9917
CSHT_0621,attack,0.9351
CSHT_0622,attack,0.9528
CSHT_0623,attack,0.9742
CSHT_0624,attack,0.8247
CSHT_0625,attack,0.9874
CSHT_0626,attack,0.8731
CSHT_0627,attack,0.9989
CSHT_0628,attack,0.9992
CSHT_0629,attack,0.942
CSHT_0630,attack,0.9705
CSHT_0631,normal,0.565
CSHT_0632,attack,0.9992
CSHT_0633,attack,0.9456
CSHT_0634,attack,0.5945
CSHT_0635,attack,0.9992
CSHT_0636,attack,0.9992
CSHT_0637,attack,0.6812
CSHT_0638,attack,0.9992
CSHT_0639,attack,0.9992
CSHT_0640,attack,0.9293
CSHT_0641,normal,0.6224
CSHT_0642,attack,0.9779
CSHT_0643,attack,0.8824
CSHT_0644,attack,0.558
CSHT_0645,attack,0.9992
CSHT_0646,attack,0.9992
CSHT_0647,attack,0.9891
CSHT_0648,attack,0.9992
CSHT_0649,attack,0.9992
CSHT_0650,attack,0.6871
CSHT_0651,attack,0.5666
CSHT_0652,attack,0.9992
CSHT_0653,attack,0.7679
CSHT_0654,attack,0.9992
CSHT_0655,attack,0.9992
CSHT_0656,attack,0.9992
CSHT_0657,attack,0.9393
CSHT_0658,attack,0.9869
CSHT_0659,attack,0.9454
CSHT_0660,attack,0.9992
CSHT_0661,attack,0.7535
CSHT_0662,attack,0.9725
CSHT_0663,attack,0.8394
CSHT_0664,attack,0.9658
CSHT_0665,attack,0.9992
CSHT_0666,attack,0.9596
CSHT_0667,attack,0.9757
CSHT_0668,attack,0.9992
CSHT_0669,attack,0.6957
CSHT_0670,attack,0.9506
CSHT_0671,attack,0.9607
CSHT_0672,attack,0.9219
CSHT_0673,attack,0.9817
CSHT_0674,normal,0.5434
CSHT_0675,attack,0.9992
CSHT_0676,attack,0.9564
CSHT_0677,attack,0.9326
CSHT_0678,attack,0.9992
CSHT_0679,attack,0.9744
CSHT_0680,attack,0.9992
CSHT_0681,attack,0.8422
CSHT_0682,attack,0.9992
CSHT_0683,attack,0.9992
CSHT_0684,attack,0.8514
CSHT_0685,attack,0.9992
CSHT_0686,attack,0.9992
CSHT_0687,attack,0.8543
CSHT_0688,attack,0.9992
CSHT_0689,attack,0.9992
CSHT_0690,attack,0.9814
CSHT_0691,attack,0.516
CSHT_0692,attack,0.9992
CSHT_0693,attack,0.9456
CSHT_0694,attack,0.8551
CSHT_0695,attack,0.9992
CSHT_0696,attack,0.9992
CSHT_0697,attack,0.9946
CSHT_0698,attack,0.9992
CSHT_0699,attack,0.9992
CSHT_0700,attack,0.9992
CSHT_0701,normal,0.6157
CSHT_0702,attack,0.9343
CSHT_0703,attack,0.9608
CSHT_0704,attack,0.9806
CSHT_0705,attack,0.8497
CSHT_0706,attack,0.9992
CSHT_0707,attack,0.9334
CSHT_0708,attack,0.9992
CSHT_0709,attack,0.9992
CSHT_0710,attack,0.9992
CSHT_0711,attack,0.9992
CSHT_0712,attack,0.9992
CSHT_0713,attack,0.999
CSHT_0714,attack,0.9951
CSHT_0715,attack,0.9992
CSHT_0716,attack,0.9025
CSHT_0717,attack,0.5273
CSHT_0718,attack,0.9919
CSHT_0719,attack,0.9992
CSHT_0720,attack,0.7674
CSHT_0721,normal,0.62
CSHT_0722,attack,0.9874
CSHT_0723,attack,0.9992
CSHT_0724,attack,0.6902
CSHT_0725,attack,0.9992
CSHT_0726,attack,0.9404
CSHT_0727,attack,0.935
CSHT_0728,attack,0.9992
CSHT_0729,attack,0.9992
CSHT_0730,attack,0.999
CSHT_0731,attack,0.9028
CSHT_0732,attack,0.9992
CSHT_0733,attack,0.976
CSHT_0734,attack,0.9163
CSHT_0735,attack,0.9992
CSHT_0736,attack,0.9435
CSHT_0737,attack,0.9585
CSHT_0738,attack,0.9992
CSHT_0739,attack,0.9992
CSHT_0740,attack,0.9992
CSHT_0741,attack,0.7613
CSHT_0742,attack,0.8301
CSHT_0743,attack,0.9828
CSHT_0744,attack,0.8667
CSHT_0745,attack,0.9977
CSHT_0746,attack,0.647
CSHT_0747,attack,0.9657
CSHT_0748,attack,0.9992
CSHT_0749,attack,0.9992
CSHT_0750,attack,0.9992
CSHT_0751,normal,0.9647
CSHT_0752,attack,0.9992
CSHT_0753,attack,0.9992
CSHT_0754,attack,0.5377
CSHT_0755,attack,0.9992
CSHT_0756,attack,0.9992
CSHT_0757,attack,0.9636
CSHT_0758,attack,0.9721
CSHT_0759,attack,0.9844
CSHT_0760,attack,0.9992
CSHT_0761,attack,0.9983
CSHT_0762,attack,0.9386
CSHT_0763,attack,0.9992
CSHT_0764,attack,0.9501
CSHT_0765,attack,0.9992
CSHT_0766,attack,0.8263
CSHT_0767,attack,0.9992
CSHT_0768,attack,0.9992
CSHT_0769,attack,0.9992
CSHT_0770,attack,0.9758
CSHT_0771,normal,0.6517
CSHT_0772,attack,0.9992
CSHT_0773,attack,0.9992
CSHT_0774,attack,0.8991
CSHT_0775,attack,0.9992
CSHT_0776,attack,0.9944
CSHT_0777,attack,0.8302
CSHT_0778,attack,0.9781
CSHT_0779,attack,0.9829
CSHT_0780,attack,0.9378
CSHT_0781,attack,0.9518
CSHT_0782,attack,0.9992
CSHT_0783,attack,0.9814
CSHT_0784,attack,0.7047
CSHT_0785,attack,0.9881
CSHT_0786,attack,0.7281
CSHT_0787,attack,0.5477
CSHT_0788,attack,0.9992
CSHT_0789,attack,0.9018
CSHT_0790,attack,0.8501
CSHT_0791,attack,0.903
CSHT_0792,attack,0.9656
CSHT_0793,attack,0.6646
CSHT_0794,attack,0.9357
CSHT_0795,attack,0.9992
CSHT_0796,attack,0.9626
CSHT_0797,attack,0.9992
CSHT_0798,attack,0.9801
CSHT_0799,attack,0.9358
CSHT_0800,attack,0.9992
CSHT_0801,attack,0.9184
CSHT_0802,attack,0.9992
CSHT_0803,attack,0.9255
CSHT_0804,attack,0.9075
CSHT_0805,attack,0.9937
CSHT_0806,attack,0.7793
CSHT_0807,attack,0.9992
CSHT_0808,attack,0.9992
CSHT_0809,attack,0.7807
CSHT_0810,attack,0.978
CSHT_0811,attack,0.9847
CSHT_0812,attack,0.9992
CSHT_0813,attack,0.8187
CSHT_0814,attack,0.9668
CSHT_0815,attack,0.9992
CSHT_0816,attack,0.9708
CSHT_0817,attack,0.9234
CSHT_0818,attack,0.9992
CSHT_0819,attack,0.9992
CSHT_0820,attack,0.9271
CSHT_0821,attack,0.6877
CSHT_0822,attack,0.981
CSHT_0823,attack,0.9992
CSHT_0824,attack,0.7468
CSHT_0825,attack,0.9992
CSHT_0826,attack,0.9908
CSHT_0827,attack,0.9986
CSHT_0828,attack,0.9992
CSHT_0829,attack,0.9992
CSHT_0830,attack,0.9968
CSHT_0831,attack,0.6103
CSHT_0832,attack,0.9992
CSHT_0833,attack,0.9294
CSHT_0834,attack,0.6877
CSHT_0835,attack,0.9992
CSHT_0836,attack,0.9992
CSHT_0837,attack,0.9437
CSHT_0838,attack,0.9905
CSHT_0839,attack,0.99
CSHT_0840,attack,0.9838
CSHT_0841,normal,0.6828
CSHT_0842,attack,0.9992
CSHT_0843,attack,0.9232
CSHT_0844,attack,0.9589
CSHT_0845,attack,0.9854
CSHT_0846,attack,0.9992
CSHT_0847,attack,0.9461
CSHT_0848,attack,0.9992
CSHT_0849,attack,0.9556
CSHT_0850,attack,0.9992
CSHT_0851,normal,0.8726
CSHT_0852,attack,0.9882
CSHT_0853,attack,0.9992
CSHT_0854,attack,0.7111
CSHT_0855,attack,0.9992
CSHT_0856,attack,0.9992
CSHT_0857,attack,0.9992
CSHT_0858,attack,0.9972
CSHT_0859,attack,0.9108
CSHT_0860,attack,0.9992
CSHT_0861,attack,0.8214
CSHT_0862,attack,0.9992
CSHT_0863,attack,0.9992
CSHT_0864,attack,0.8051
CSHT_0865,attack,0.9992
CSHT_0866,attack,0.9716
CSHT_0867,attack,0.9917
CSHT_0868,attack,0.9992
CSHT_0869,attack,0.9992
CSHT_0870,attack,0.9992
CSHT_0871,attack,0.7657
CSHT_0872,attack,0.9655
CSHT_0873,attack,0.9648
CSHT_0874,attack,0.7014
CSHT_0875,attack,0.9944
CSHT_0876,attack,0.9053
CSHT_0877,attack,0.6556
CSHT_0878,attack,0.9853
CSHT_0879,attack,0.8541
CSHT_0880,attack,0.9929
CSHT_0881,normal,0.607
CSHT_0882,attack,0.9712
CSHT_0883,attack,0.9992
CSHT_0884,attack,0.9724
CSHT_0885,attack,0.981
CSHT_0886,attack,0.9805
CSHT_0887,attack,0.9599
CSHT_0888,attack,0.9852
CSHT_0889,attack,0.9718
CSHT_0890,attack,0.9674
CSHT_0891,normal,0.7496
CSHT_0892,attack,0.9992
CSHT_0893,attack,0.7765
CSHT_0894,attack,0.9071
CSHT_0895,attack,0.9864
CSHT_0896,attack,0.9992
CSHT_0897,attack,0.9004
CSHT_0898,attack,0.9992
CSHT_0899,attack,0.9992
CSHT_0900,attack,0.9556
CSHT_0901,attack,0.9834
CSHT_0902,attack,0.9909
CSHT_0903,attack,0.9992
CSHT_0904,attack,0.8384
CSHT_0905,attack,0.9992
CSHT_0906,attack,0.9992
CSHT_0907,normal,0.6147
CSHT_0908,attack,0.9992
CSHT_0909,attack,0.9703
CSHT_0910,attack,0.8618
CSHT_0911,attack,0.9992
CSHT_0912,attack,0.991
CSHT_0913,attack,0.9992
CSHT_0914,attack,0.7281
CSHT_0915,attack,0.9992
CSHT_0916,attack,0.9767
CSHT_0917,attack,0.9992
CSHT_0918,attack,0.9623
CSHT_0919,attack,0.9645
CSHT_0920,attack,0.8967
CSHT_0921,attack,0.8467
CSHT_0922,attack,0.9992
CSHT_0923,attack,0.9852
CSHT_0924,attack,0.6494
CSHT_0925,attack,0.9992
CSHT_0926,attack,0.9992
CSHT_0927,attack,0.6574
CSHT_0928,attack,0.9992
CSHT_0929,attack,0.8981
CSHT_0930,attack,0.9992
CSHT_0931,attack,0.9793
CSHT_0932,attack,0.9992
CSHT_0933,attack,0.9587
CSHT_0934,attack,0.7539
CSHT_0935,attack,0.9992
CSHT_0936,attack,0.9992
CSHT_0937,attack,0.9992
CSHT_0938,attack,0.9992
CSHT_0939,attack,0.8359
CSHT_0940,attack,0.7454
CSHT_0941,attack,0.8443
CSHT_0942,attack,0.9567
CSHT_0943,attack,0.9992
CSHT_0944,attack,0.9954
CSHT_0945,attack,0.9992
CSHT_0946,attack,0.9992
CSHT_0947,attack,0.9984
CSHT_0948,attack,0.9826
CSHT_0949,attack,0.9992
CSHT_0950,attack,0.9992
CSHT_0951,attack,0.8873
CSHT_0952,attack,0.9341
CSHT_0953,attack,0.8217
CSHT_0954,attack,0.8853
CSHT_0955,attack,0.9992
CSHT_0956,attack,0.9992
CSHT_0957,attack,0.6448
CSHT_0958,attack,0.9992
CSHT_0959,attack,0.9808
CSHT_0960,attack,0.9925
CSHT_0961,normal,0.6325
CSHT_0962,attack,0.9992
CSHT_0963,attack,0.9992
CSHT_0964,attack,0.7871
CSHT_0965,attack,0.9684
CSHT_0966,attack,0.9301
CSHT_0967,attack,0.9992
CSHT_0968,attack,0.9992
CSHT_0969,attack,0.9925
CSHT_0970,attack,0.9472
CSHT_0971,attack,0.724
CSHT_0972,attack,0.9992
CSHT_0973,attack,0.9389
CSHT_0974,attack,0.9254
CSHT_0975,attack,0.9992
CSHT_0976,attack,0.9992
CSHT_0977,attack,0.839
CSHT_0978,attack,0.9382
CSHT_0979,attack,0.9992
CSHT_0980,attack,0.9992
CSHT_0981,normal,0.7573
CSHT_0982,attack,0.9992
CSHT_0983,attack,0.9992
CSHT_0984,attack,0.9093
CSHT_0985,attack,0.9671
CSHT_0986,attack,0.9676
CSHT_0987,attack,0.9992
CSHT_0988,attack,0.9992
CSHT_0989,attack,0.9789
CSHT_0990,attack,0.9986
CSHT_0991,attack,0.7792
CSHT_0992,attack,0.9804
CSHT_0993,attack,0.9722
CSHT_0994,attack,0.9262
CSHT_0995,attack,0.9992
CSHT_0996,attack,0.9561
CSHT_0997,attack,0.9992
CSHT_0998,attack,0.9992
CSHT_0999,attack,0.9992
CSHT_1000,attack,0.9955
CSHT_1001,attack,0.7852
CSHT_1002,attack,0.9765
CSHT_1003,attack,0.8905
CSHT_1004,attack,0.868
CSHT_1005,attack,0.9294
CSHT_1006,attack,0.9992
CSHT_1007,attack,0.9857
CSHT_1008,attack,0.9992
CSHT_1009,attack,0.9992
CSHT_1010,attack,0.9818
CSHT_1011,attack,0.877
CSHT_1012,attack,0.9992
CSHT_1013,attack,0.9992
CSHT_1014,attack,0.5378
CSHT_1015,attack,0.9992
CSHT_1016,attack,0.9992
CSHT_1017,attack,0.8652
CSHT_1018,attack,0.9992
CSHT_1019,attack,0.9992
CSHT_1020,attack,0.8805
CSHT_1021,attack,0.7485
CSHT_1022,attack,0.9922
CSHT_1023,attack,0.9992
CSHT_1024,attack,0.9988
CSHT_1025,attack,0.9992
CSHT_1026,attack,0.9992
CSHT_1027,attack,0.9766
CSHT_1028,attack,0.9992
CSHT_1029,attack,0.9992
CSHT_1030,attack,0.9774
CSHT_1031,attack,0.9281
CSHT_1032,attack,0.9992
CSHT_1033,attack,0.9798
CSHT_1034,attack,0.9983
CSHT_1035,attack,0.9478
CSHT_1036,attack,0.917
CSHT_1037,attack,0.9418
CSHT_1038,attack,0.9992
CSHT_1039,attack,0.9992
CSHT_1040,attack,0.9918
CSHT_1041,attack,0.9251
CSHT_1042,attack,0.9992
CSHT_1043,attack,0.9992
CSHT_1044,attack,0.8146
CSHT_1045,attack,0.9941
CSHT_1046,attack,0.9992
CSHT_1047,attack,0.7664
CSHT_1048,attack,0.9859
CSHT_1049,attack,0.9901
CSHT_1050,attack,0.9992
CSHT_1051,attack,0.5039
CSHT_1052,attack,0.9992
CSHT_1053,attack,0.9992
CSHT_1054,attack,0.8316
CSHT_1055,attack,0.9982
CSHT_1056,attack,0.9992
CSHT_1057,attack,0.8099
CSHT_1058,attack,0.9992
CSHT_1059,attack,0.9683
CSHT_1060,attack,0.9494
CSHT_1061,attack,0.838
CSHT_1062,attack,0.9905
CSHT_1063,attack,0.9992
CSHT_1064,attack,0.8677
CSHT_1065,attack,0.9992
CSHT_1066,attack,0.9826
CSHT_1067,attack,0.9356
CSHT_1068,attack,0.9832
CSHT_1069,attack,0.9992
CSHT_1070,attack,0.9915
CSHT_1071,attack,0.744
CSHT_1072,attack,0.9896
CSHT_1073,attack,0.98
CSHT_1074,normal,0.5221
CSHT_1075,attack,0.9794
CSHT_1076,attack,0.9331
CSHT_1077,attack,0.9818
CSHT_1078,attack,0.9992
CSHT_1079,attack,0.9992
CSHT_1080,attack,0.9992
CSHT_1081,attack,0.9534
CSHT_1082,attack,0.8833
CSHT_1083,attack,0.9466
CSHT_1084,attack,0.8136
CSHT_1085,attack,0.9992
CSHT_1086,attack,0.9992
CSHT_1087,normal,0.6657
CSHT_1088,attack,0.9864
CSHT_1089,attack,0.9925
CSHT_1090,attack,0.869
CSHT_1091,attack,0.5594
CSHT_1092,attack,0.9992
CSHT_1093,attack,0.9726
CSHT_1094,attack,0.9954
CSHT_1095,attack,0.9891
CSHT_1096,attack,0.9992
CSHT_1097,attack,0.5064
CSHT_1098,attack,0.9992
CSHT_1099,attack,0.9785
CSHT_1100,attack,0.9992
CSHT_1101,attack,0.6634
CSHT_1102,attack,0.9924
CSHT_1103,attack,0.8676
CSHT_1104,attack,0.9992
CSHT_1105,attack,0.9926
CSHT_1106,attack,0.9992
CSHT_1107,attack,0.7651
CSHT_1108,attack,0.9992
CSHT_1109,attack,0.9992
CSHT_1110,attack,0.952
CSHT_1111,attack,0.8284
CSHT_1112,attack,0.9992
CSHT_1113,attack,0.9992
CSHT_1114,attack,0.9694
CSHT_1115,attack,0.9799
CSHT_1116,attack,0.9713
CSHT_1117,attack,0.9992
CSHT_1118,attack,0.9992
CSHT_1119,attack,0.9992
CSHT_1120,attack,0.9588
CSHT_1121,attack,0.9983
CSHT_1122,attack,0.9992
CSHT_1123,attack,0.9992
CSHT_1124,attack,0.7876
CSHT_1125,attack,0.9992
CSHT_1126,attack,0.9818
CSHT_1127,attack,0.9992
CSHT_1128,attack,0.9992
CSHT_1129,attack,0.9992
CSHT_1130,attack,0.9992
CSHT_1131,normal,0.736
CSHT_1132,attack,0.9669
CSHT_1133,attack,0.6775
CSHT_1134,attack,0.7177
CSHT_1135,attack,0.9992
CSHT_1136,attack,0.9992
CSHT_1137,attack,0.9253
CSHT_1138,attack,0.9992
CSHT_1139,attack,0.9992
CSHT_1140,attack,0.9992
CSHT_1141,attack,0.9992
CSHT_1142,attack,0.9528
CSHT_1143,attack,0.9401
CSHT_1144,attack,0.8455
CSHT_1145,attack,0.9817
CSHT_1146,attack,0.8648
CSHT_1147,attack,0.9992
CSHT_1148,attack,0.9992
CSHT_1149,attack,0.9764
CSHT_1150,attack,0.9992
CSHT_1151,attack,0.7038
CSHT_1152,attack,0.9992
CSHT_1153,attack,0.8683
CSHT_1154,normal,0.5436
CSHT_1155,attack,0.9701
CSHT_1156,attack,0.9332
CSHT_1157,attack,0.9992
CSHT_1158,attack,0.9992
CSHT_1159,attack,0.9992
CSHT_1160,attack,0.9992
CSHT_1161,attack,0.8972
CSHT_1162,attack,0.9992
CSHT_1163,attack,0.9775
CSHT_1164,attack,0.9877
CSHT_1165,attack,0.9685
CSHT_1166,attack,0.9856
CSHT_1167,attack,0.62
CSHT_1168,attack,0.9992
CSHT_1169,attack,0.9992
CSHT_1170,attack,0.9572
CSHT_1171,attack,0.8458
CSHT_1172,attack,0.9757
CSHT_1173,attack,0.9716
CSHT_1174,attack,0.9101
CSHT_1175,attack,0.9992
CSHT_1176,attack,0.9478
CSHT_1177,attack,0.7435
CSHT_1178,attack,0.9992
CSHT_1179,attack,0.9992
CSHT_1180,attack,0.9577
CSHT_1181,attack,0.9131
CSHT_1182,attack,0.9992
CSHT_1183,attack,0.8143
CSHT_1184,attack,0.7513
CSHT_1185,attack,0.9992
CSHT_1186,attack,0.9992
CSHT_1187,attack,0.9407
CSHT_1188,attack,0.9992
CSHT_1189,attack,0.9992
CSHT_1190,attack,0.956
CSHT_1191,attack,0.7159
CSHT_1192,attack,0.9992
CSHT_1193,attack,0.856
CSHT_1194,attack,0.9843
CSHT_1195,attack,0.9992
CSHT_1196,attack,0.9386
CSHT_1197,attack,0.7064
CSHT_1198,attack,0.9992
CSHT_1199,attack,0.8916
CSHT_1200,attack,0.7524
CSHT_1201,normal,0.9124
CSHT_1202,attack,0.9728
CSHT_1203,attack,0.9992
CSHT_1204,attack,0.896
CSHT_1205,attack,0.9826
CSHT_1206,attack,0.9992
CSHT_1207,attack,0.9662
CSHT_1208,attack,0.9992
CSHT_1209,attack,0.9834
CSHT_1210,attack,0.9992
CSHT_1211,attack,0.7576
CSHT_1212,attack,0.9992
CSHT_1213,attack,0.9992
CSHT_1214,attack,0.8144
CSHT_1215,attack,0.9992
CSHT_1216,attack,0.8891
CSHT_1217,attack,0.9657
CSHT_1218,attack,0.976
CSHT_1219,attack,0.9828
CSHT_1220,attack,0.8832
CSHT_1221,normal,0.5066
CSHT_1222,attack,0.9992
CSHT_1223,attack,0.9523
CSHT_1224,attack,0.9448
CSHT_1225,attack,0.9992
CSHT_1226,attack,0.9992
CSHT_1227,attack,0.9992
CSHT_1228,attack,0.9992
CSHT_1229,attack,0.9318
CSHT_1230,attack,0.8883
CSHT_1231,attack,0.6623
CSHT_1232,attack,0.9992
CSHT_1233,attack,0.9992
CSHT_1234,attack,0.6664
CSHT_1235,attack,0.9992
CSHT_1236,attack,0.8498
CSHT_1237,attack,0.9533
CSHT_1238,attack,0.9992
CSHT_1239,attack,0.9992
CSHT_1240,attack,0.9076
CSHT_1241,attack,0.9445
CSHT_1242,attack,0.9472
CSHT_1243,attack,0.9442
CSHT_1244,normal,0.6227
CSHT_1245,attack,0.9992
CSHT_1246,attack,0.9992
CSHT_1247,attack,0.9992
CSHT_1248,attack,0.9992
CSHT_1249,attack,0.9992
CSHT_1250,attack,0.9705
CSHT_1251,normal,0.9669
CSHT_1252,attack,0.9909
CSHT_1253,attack,0.9463
CSHT_1254,attack,0.7863
CSHT_1255,attack,0.9992
CSHT_1256,attack,0.9669
CSHT_1257,attack,0.9233
CSHT_1258,attack,0.9992
CSHT_1259,attack,0.9992
CSHT_1260,attack,0.9927
CSHT_1261,attack,0.5376
CSHT_1262,attack,0.9992
CSHT_1263,attack,0.9929
CSHT_1264,attack,0.5816
CSHT_1265,attack,0.9992
CSHT_1266,attack,0.9992
CSHT_1267,attack,0.777
CSHT_1268,attack,0.9992
CSHT_1269,attack,0.8724
CSHT_1270,attack,0.9796
CSHT_1271,normal,0.5657
CSHT_1272,attack,0.9992
CSHT_1273,attack,0.9992
CSHT_1274,attack,0.9613
CSHT_1275,attack,0.9374
CSHT_1276,attack,0.9315
CSHT_1277,attack,0.9458
CSHT_1278,attack,0.9992
CSHT_1279,attack,0.9624
CSHT_1280,attack,0.8393
CSHT_1281,attack,0.9795
CSHT_1282,attack,0.9992
CSHT_1283,attack,0.8141
CSHT_1284,attack,0.8628
CSHT_1285,attack,0.9722
CSHT_1286,attack,0.971
CSHT_1287,attack,0.8181
CSHT_1288,attack,0.9992
CSHT_1289,attack,0.9992
CSHT_1290,attack,0.916
CSHT_1291,attack,0.961
CSHT_1292,attack,0.8879
CSHT_1293,attack,0.9896
CSHT_1294,attack,0.9987
CSHT_1295,attack,0.9832
CSHT_1296,attack,0.9804
CSHT_1297,attack,0.9915
CSHT_1298,attack,0.9992
CSHT_1299,attack,0.9511
CSHT_1300,attack,0.9988
CSHT_1301,attack,0.9082
CSHT_1302,attack,0.9992
CSHT_1303,attack,0.9679
CSHT_1304,attack,0.9992
CSHT_1305,attack,0.9831
CSHT_1306,attack,0.9704
CSHT_1307,attack,0.9992
CSHT_1308,attack,0.9992
CSHT_1309,attack,0.9671
CSHT_1310,attack,0.9992
CSHT_1311,attack,0.9988
CSHT_1312,attack,0.9796
CSHT_1313,attack,0.9389
CSHT_1314,normal,0.7102
CSHT_1315,attack,0.9992
CSHT_1316,attack,0.9992
CSHT_1317,attack,0.9782
CSHT_1318,attack,0.9992
CSHT_1319,attack,0.9992
CSHT_1320,attack,0.7094
CSHT_1321,attack,0.9887
CSHT_1322,attack,0.9992
CSHT_1323,attack,0.869
CSHT_1324,attack,0.979
CSHT_1325,attack,0.9992
CSHT_1326,attack,0.9726
CSHT_1327,attack,0.9992
CSHT_1328,attack,0.9778
CSHT_1329,attack,0.9992
CSHT_1330,attack,0.9822
CSHT_1331,attack,0.9633
CSHT_1332,attack,0.9878
CSHT_1333,attack,0.905
CSHT_1334,attack,0.8616
CSHT_1335,attack,0.9992
CSHT_1336,attack,0.9903
CSHT_1337,attack,0.9147
CSHT_1338,attack,0.9992
CSHT_1339,attack,0.9992
CSHT_1340,attack,0.9739
CSHT_1341,attack,0.9494
CSHT_1342,attack,0.9992
CSHT_1343,attack,0.9992
CSHT_1344,attack,0.9992
CSHT_1345,attack,0.9658
CSHT_1346,attack,0.994
CSHT_1347,attack,0.9229
CSHT_1348,attack,0.9992
CSHT_1349,attack,0.9992
CSHT_1350,attack,0.9791
CSHT_1351,normal,0.5338
CSHT_1352,attack,0.9992
CSHT_1353,attack,0.9992
CSHT_1354,attack,0.9464
CSHT_1355,attack,0.9821
CSHT_1356,attack,0.9992
CSHT_1357,attack,0.8661
CSHT_1358,attack,0.9992
CSHT_1359,attack,0.9815
CSHT_1360,attack,0.9677
CSHT_1361,attack,0.8338
CSHT_1362,attack,0.9992
CSHT_1363,attack,0.802
CSHT_1364,attack,0.9992
CSHT_1365,attack,0.9646
CSHT_1366,attack,0.9992
CSHT_1367,attack,0.9462
CSHT_1368,attack,0.9776
CSHT_1369,attack,0.9992
CSHT_1370,attack,0.9425
CSHT_1371,attack,0.9992
CSHT_1372,attack,0.9992
CSHT_1373,attack,0.999
CSHT_1374,attack,0.9088
CSHT_1375,attack,0.9992
CSHT_1376,attack,0.9661
CSHT_1377,attack,0.9983
CSHT_1378,attack,0.9992
CSHT_1379,attack,0.9992
CSHT_1380,attack,0.9992
CSHT_1381,attack,0.5628
CSHT_1382,attack,0.9992
CSHT_1383,attack,0.9661
CSHT_1384,attack,0.6491
CSHT_1385,attack,0.9866
CSHT_1386,attack,0.9251
CSHT_1387,attack,0.9992
CSHT_1388,attack,0.9992
CSHT_1389,attack,0.9992
CSHT_1390,attack,0.8672
CSHT_1391,normal,0.5255
CSHT_1392,attack,0.9992
CSHT_1393,attack,0.9992
CSHT_1394,attack,0.8068
CSHT_1395,attack,0.9992
CSHT_1396,attack,0.9992
CSHT_1397,attack,0.8715
CSHT_1398,attack,0.9442
CSHT_1399,attack,0.9992
CSHT_1400,attack,0.9992
CSHT_1401,normal,0.9334
CSHT_1402,attack,0.9992
CSHT_1403,attack,0.9992
CSHT_1404,attack,0.7088
CSHT_1405,attack,0.9992
CSHT_1406,attack,0.9992
CSHT_1407,attack,0.7685
CSHT_1408,attack,0.9686
CSHT_1409,attack,0.9544
CSHT_1410,attack,0.9571
CSHT_1411,attack,0.9992
CSHT_1412,attack,0.8432
CSHT_1413,attack,0.9992
CSHT_1414,attack,0.8678
CSHT_1415,attack,0.9992
CSHT_1416,attack,0.9868
CSHT_1417,attack,0.9992
CSHT_1418,attack,0.9992
CSHT_1419,attack,0.9479
CSHT_1420,attack,0.9178
CSHT_1421,attack,0.7291
CSHT_1422,attack,0.9992
CSHT_1423,attack,0.9992
CSHT_1424,attack,0.8871
CSHT_1425,attack,0.9992
CSHT_1426,attack,0.9992
CSHT_1427,attack,0.9992
CSHT_1428,attack,0.9992
CSHT_1429,attack,0.9992
CSHT_1430,attack,0.9088
CSHT_1431,normal,0.8946
CSHT_1432,attack,0.9901
CSHT_1433,attack,0.8112
CSHT_1434,normal,0.5372
CSHT_1435,attack,0.9992
CSHT_1436,attack,0.9518
CSHT_1437,attack,0.9992
CSHT_1438,attack,0.9992
CSHT_1439,attack,0.9992
CSHT_1440,attack,0.9988
CSHT_1441,attack,0.9991
CSHT_1442,attack,0.9737
CSHT_1443,attack,0.9557
CSHT_1444,attack,0.7935
CSHT_1445,attack,0.9992
CSHT_1446,attack,0.9992
CSHT_1447,attack,0.6006
CSHT_1448,attack,0.9992
CSHT_1449,attack,0.9413
CSHT_1450,attack,0.9765
CSHT_1451,attack,0.6728
CSHT_1452,attack,0.9762
CSHT_1453,attack,0.9992
CSHT_1454,normal,0.5016
CSHT_1455,attack,0.9815
CSHT_1456,attack,0.9572
CSHT_1457,attack,0.9055
CSHT_1458,attack,0.9992
CSHT_1459,attack,0.9992
CSHT_1460,attack,0.9859
CSHT_1461,attack,0.8929
CSHT_1462,attack,0.9885
CSHT_1463,attack,0.9992
CSHT_1464,attack,0.9582
CSHT_1465,attack,0.9992
CSHT_1466,attack,0.9992
CSHT_1467,attack,0.9988
CSHT_1468,attack,0.9908
CSHT_1469,attack,0.9795
CSHT_1470,attack,0.978
CSHT_1471,normal,0.8059
CSHT_1472,attack,0.9592
CSHT_1473,attack,0.9885
CSHT_1474,attack,0.7117
CSHT_1475,attack,0.9957
CSHT_1476,attack,0.7609
CSHT_1477,attack,0.9992
CSHT_1478,attack,0.9713
CSHT_1479,attack,0.9992
CSHT_1480,attack,0.9992
CSHT_1481,attack,0.9856
CSHT_1482,attack,0.9992
CSHT_1483,attack,0.9992
CSHT_1484,attack,0.5984
CSHT_1485,attack,0.9992
CSHT_1486,attack,0.8297
CSHT_1487,attack,0.8354
CSHT_1488,attack,0.9992
CSHT_1489,attack,0.9813
CSHT_1490,attack,0.9992
CSHT_1491,attack,0.8693
CSHT_1492,attack,0.992
CSHT_1493,attack,0.9992
CSHT_1494,attack,0.9414
CSHT_1495,attack,0.9881
CSHT_1496,attack,0.812
CSHT_1497,attack,0.9992
CSHT_1498,attack,0.9992
CSHT_1499,attack,0.9642
CSHT_1500,attack,0.9634
CSHT_1501,attack,0.9767
CSHT_1502,attack,0.9992
CSHT_1503,attack,0.9377
CSHT_1504,attack,0.944
CSHT_1505,attack,0.9992
CSHT_1506,attack,0.9992
CSHT_1507,attack,0.7381
CSHT_1508,attack,0.9992
CSHT_1509,attack,0.9309
CSHT_1510,attack,0.9265
CSHT_1511,attack,0.9697
CSHT_1512,attack,0.9992
CSHT_1513,attack,0.9992
CSHT_1514,attack,0.7239
CSHT_1515,attack,0.9992
CSHT_1516,attack,0.9858
CSHT_1517,attack,0.9992
CSHT_1518,attack,0.9992
CSHT_1519,attack,0.9938
CSHT_1520,attack,0.9992
CSHT_1521,normal,0.9633
CSHT_1522,attack,0.9992
CSHT_1523,attack,0.9992
CSHT_1524,attack,0.7688
CSHT_1525,attack,0.982
CSHT_1526,attack,0.7551
CSHT_1527,attack,0.9992
CSHT_1528,attack,0.9992
CSHT_1529,attack,0.9992
CSHT_1530,attack,0.999
CSHT_1531,attack,0.9986
CSHT_1532,attack,0.9992
CSHT_1533,attack,0.9992
CSHT_1534,attack,0.7723
CSHT_1535,attack,0.9992
CSHT_1536,attack,0.9992
CSHT_1537,attack,0.9064
CSHT_1538,attack,0.9992
CSHT_1539,attack,0.9992
CSHT_1540,attack,0.9007
CSHT_1541,attack,0.8761
CSHT_1542,attack,0.9992
CSHT_1543,attack,0.8595
CSHT_1544,attack,0.6612
CSHT_1545,attack,0.9817
CSHT_1546,attack,0.9024
CSHT_1547,attack,0.8886
CSHT_1548,attack,0.9992
CSHT_1549,attack,0.9992
CSHT_1550,attack,0.9612
CSHT_1551,attack,0.6962
CSHT_1552,attack,0.929
CSHT_1553,attack,0.9992
CSHT_1554,attack,0.9771
CSHT_1555,attack,0.9992
CSHT_1556,attack,0.9463
CSHT_1557,attack,0.968
CSHT_1558,attack,0.9838
CSHT_1559,attack,0.9992
CSHT_1560,attack,0.533
CSHT_1561,attack,0.8936
CSHT_1562,attack,0.9924
CSHT_1563,attack,0.9992
CSHT_1564,attack,0.9937
CSHT_1565,attack,0.9992
CSHT_1566,attack,0.9992
CSHT_1567,attack,0.9409
CSHT_1568,attack,0.9992
CSHT_1569,attack,0.9552
CSHT_1570,attack,0.7416
CSHT_1571,attack,0.57
CSHT_1572,attack,0.9992
CSHT_1573,attack,0.9287
CSHT_1574,attack,0.999
CSHT_1575,attack,0.9992
CSHT_1576,attack,0.9498
CSHT_1577,attack,0.9835
CSHT_1578,attack,0.9992
CSHT_1579,attack,0.9366
CSHT_1580,attack,0.8013
CSHT_1581,attack,0.7991
CSHT_1582,attack,0.9992
CSHT_1583,attack,0.9672
CSHT_1584,attack,0.7187
CSHT_1585,attack,0.9992
CSHT_1586,attack,0.9937
CSHT_1587,attack,0.9992
CSHT_1588,attack,0.9992
CSHT_1589,attack,0.9279
CSHT_1590,attack,0.9787
CSHT_1591,attack,0.9516
CSHT_1592,attack,0.9992
CSHT_1593,attack,0.9466
CSHT_1594,attack,0.9176
CSHT_1595,attack,0.9992
CSHT_1596,attack,0.923
CSHT_1597,attack,0.9992
CSHT_1598,attack,0.9992
CSHT_1599,attack,0.9992
CSHT_1600,attack,0.9758
CSHT_1601,attack,0.8034
CSHT_1602,attack,0.9992
CSHT_1603,attack,0.9879
CSHT_1604,attack,0.8547
CSHT_1605,attack,0.9992
CSHT_1606,attack,0.9652
CSHT_1607,attack,0.9907
CSHT_1608,attack,0.9992
CSHT_1609,attack,0.9992
CSHT_1610,attack,0.9745
CSHT_1611,attack,0.6326
CSHT_1612,attack,0.9992
CSHT_1613,attack,0.9899
CSHT_1614,attack,0.5773
CSHT_1615,attack,0.9992
CSHT_1616,attack,0.9992
CSHT_1617,attack,0.9931
CSHT_1618,attack,0.9992
CSHT_1619,attack,0.9992
CSHT_1620,attack,0.9992
CSHT_1621,attack,0.9006
CSHT_1622,attack,0.9992
CSHT_1623,attack,0.9168
CSHT_1624,attack,0.8846
CSHT_1625,attack,0.9777
CSHT_1626,attack,0.8333
CSHT_1627,attack,0.9757
CSHT_1628,attack,0.9992
CSHT_1629,attack,0.9992
CSHT_1630,attack,0.9363
CSHT_1631,attack,0.8617
CSHT_1632,attack,0.9908
CSHT_1633,attack,0.9948
CSHT_1634,attack,0.9498
CSHT_1635,attack,0.9992
CSHT_1636,attack,0.9747
CSHT_1637,attack,0.9172
CSHT_1638,attack,0.9992
CSHT_1639,attack,0.9992
CSHT_1640,attack,0.9987
CSHT_1641,attack,0.6287
CSHT_1642,attack,0.9992
CSHT_1643,attack,0.9664
CSHT_1644,attack,0.5593
CSHT_1645,attack,0.9858
CSHT_1646,attack,0.8897
CSHT_1647,attack,0.9571
CSHT_1648,attack,0.9992
CSHT_1649,attack,0.9945
CSHT_1650,attack,0.9718
CSHT_1651,attack,0.7604
CSHT_1652,attack,0.9447
CSHT_1653,attack,0.9992
CSHT_1654,attack,0.877
CSHT_1655,attack,0.9813
CSHT_1656,attack,0.9992
CSHT_1657,attack,0.6722
CSHT_1658,attack,0.9992
CSHT_1659,attack,0.9889
CSHT_1660,attack,0.9346
CSHT_1661,attack,0.9992
CSHT_1662,attack,0.9992
CSHT_1663,attack,0.9992
CSHT_1664,attack,0.8897
CSHT_1665,attack,0.9992
CSHT_1666,attack,0.8826
CSHT_1667,attack,0.96
CSHT_1668,attack,0.9992
CSHT_1669,attack,0.9992
CSHT_1670,attack,0.9487
CSHT_1671,normal,0.6444
CSHT_1672,attack,0.9992
CSHT_1673,attack,0.9992
CSHT_1674,attack,0.6735
CSHT_1675,attack,0.9992
CSHT_1676,attack,0.9992
CSHT_1677,attack,0.8574
CSHT_1678,attack,0.9992
CSHT_1679,attack,0.9992
CSHT_1680,attack,0.8498
CSHT_1681,attack,0.9349
CSHT_1682,attack,0.9992
CSHT_1683,attack,0.9831
CSHT_1684,attack,0.5773
CSHT_1685,attack,0.9826
CSHT_1686,attack,0.9992
CSHT_1687,attack,0.7822
CSHT_1688,attack,0.9992
CSHT_1689,attack,0.9992
CSHT_1690,attack,0.9992
CSHT_1691,attack,0.9666
CSHT_1692,attack,0.9912
CSHT_1693,attack,0.9992
CSHT_1694,attack,0.865
CSHT_1695,attack,0.9363
CSHT_1696,attack,0.9705
CSHT_1697,attack,0.9992
CSHT_1698,attack,0.8999
CSHT_1699,attack,0.8101
CSHT_1700,attack,0.6428
CSHT_1701,normal,0.7954
CSHT_1702,attack,0.9737
CSHT_1703,attack,0.9992
CSHT_1704,attack,0.8762
CSHT_1705,attack,0.9992
CSHT_1706,attack,0.7847
CSHT_1707,attack,0.9638
CSHT_1708,attack,0.9851
CSHT_1709,attack,0.986
CSHT_1710,attack,0.9659
CSHT_1711,attack,0.9987
CSHT_1712,attack,0.9992
CSHT_1713,attack,0.9992
CSHT_1714,attack,0.9648
CSHT_1715,attack,0.9889
CSHT_1716,attack,0.9992
CSHT_1717,attack,0.5771
CSHT_1718,attack,0.9992
CSHT_1719,attack,0.9415
CSHT_1720,attack,0.9457
CSHT_1721,attack,0.8761
CSHT_1722,attack,0.9775
CSHT_1723,attack,0.988
CSHT_1724,attack,0.6021
CSHT_1725,attack,0.9911
CSHT_1726,attack,0.86
CSHT_1727,attack,0.9069
CSHT_1728,attack,0.9992
CSHT_1729,attack,0.9992
CSHT_1730,attack,0.9235
CSHT_1731,normal,0.5997
CSHT_1732,attack,0.978
CSHT_1733,attack,0.992
CSHT_1734,attack,0.9614
CSHT_1735,attack,0.9992
CSHT_1736,attack,0.9992
CSHT_1737,attack,0.9983
CSHT_1738,attack,0.9992
CSHT_1739,attack,0.9322
CSHT_1740,attack,0.9774
CSHT_1741,attack,0.8335
CSHT_1742,attack,0.9148
CSHT_1743,attack,0.9992
CSHT_1744,attack,0.8847
CSHT_1745,attack,0.9881
CSHT_1746,attack,0.9873
CSHT_1747,attack,0.9724
CSHT_1748,attack,0.9262
CSHT_1749,attack,0.9992
CSHT_1750,attack,0.9189
CSHT_1751,attack,0.6041
CSHT_1752,attack,0.9992
CSHT_1753,attack,0.8818
CSHT_1754,attack,0.5391
CSHT_1755,attack,0.9992
CSHT_1756,attack,0.9427
CSHT_1757,attack,0.994
CSHT_1758,attack,0.9992
CSHT_1759,attack,0.99
CSHT_1760,attack,0.9797
CSHT_1761,attack,0.5858
CSHT_1762,attack,0.9992
CSHT_1763,attack,0.9992
CSHT_1764,attack,0.999
CSHT_1765,attack,0.9992
CSHT_1766,attack,0.99
CSHT_1767,attack,0.9992
CSHT_1768,attack,0.9819
CSHT_1769,attack,0.8551
CSHT_1770,attack,0.8803
CSHT_1771,attack,0.9991
CSHT_1772,attack,0.9992
CSHT_1773,attack,0.9551
CSHT_1774,attack,0.6291
CSHT_1775,attack,0.9992
CSHT_1776,attack,0.8552
CSHT_1777,attack,0.6008
CSHT_1778,attack,0.9992
CSHT_1779,attack,0.8762
CSHT_1780,attack,0.9515
CSHT_1781,attack,0.982
CSHT_1782,attack,0.9992
CSHT_1783,attack,0.8112
CSHT_1784,attack,0.8895
CSHT_1785,attack,0.9992
CSHT_1786,attack,0.9901
CSHT_1787,attack,0.9915
CSHT_1788,attack,0.9992
CSHT_1789,attack,0.9992
CSHT_1790,attack,0.9992
CSHT_1791,normal,0.7431
CSHT_1792,attack,0.7407
CSHT_1793,attack,0.9265
CSHT_1794,attack,0.7184
CSHT_1795,attack,0.9367
CSHT_1796,attack,0.9381
CSHT_1797,attack,0.9061
CSHT_1798,attack,0.9992
CSHT_1799,attack,0.9935
CSHT_1800,attack,0.9665
CSHT_1801,attack,0.5902
CSHT_1802,attack,0.9992
CSHT_1803,attack,0.9991
CSHT_1804,attack,0.9557
CSHT_1805,attack,0.9992
CSHT_1806,attack,0.9536
CSHT_1807,attack,0.5923
CSHT_1808,attack,0.9992
CSHT_1809,attack,0.9992
CSHT_1810,attack,0.9716
CSHT_1811,attack,0.672
CSHT_1812,attack,0.9992
CSHT_1813,attack,0.9882
CSHT_1814,attack,0.9143
CSHT_1815,attack,0.9947
CSHT_1816,attack,0.9992
CSHT_1817,normal,0.6103
CSHT_1818,attack,0.9992
CSHT_1819,attack,0.9712
CSHT_1820,attack,0.9392
CSHT_1821,attack,0.9692
CSHT_1822,attack,0.9992
CSHT_1823,attack,0.9992
CSHT_1824,attack,0.9403
CSHT_1825,attack,0.9992
CSHT_1826,attack,0.943
CSHT_1827,attack,0.7277
CSHT_1828,attack,0.9901
CSHT_1829,attack,0.9716
CSHT_1830,attack,0.9899
CSHT_1831,attack,0.8024
CSHT_1832,attack,0.9992
CSHT_1833,attack,0.9077
CSHT_1834,normal,0.5958
CSHT_1835,attack,0.9816
CSHT_1836,attack,0.979
CSHT_1837,attack,0.9992
CSHT_1838,attack,0.9319
CSHT_1839,attack,0.9943
CSHT_1840,attack,0.9774
CSHT_1841,normal,0.8992
CSHT_1842,attack,0.9992
CSHT_1843,attack,0.9109
CSHT_1844,attack,0.8573
CSHT_1845,attack,0.9992
CSHT_1846,attack,0.9079
CSHT_1847,attack,0.9841
CSHT_1848,attack,0.9661
CSHT_1849,attack,0.9992
CSHT_1850,attack,0.9992
CSHT_1851,normal,0.6397
CSHT_1852,attack,0.994
CSHT_1853,attack,0.9125
CSHT_1854,attack,0.8439
CSHT_1855,attack,0.9758
CSHT_1856,attack,0.9698
CSHT_1857,attack,0.927
CSHT_1858,attack,0.9992
CSHT_1859,attack,0.9992
CSHT_1860,attack,0.9527
CSHT_1861,attack,0.7791
CSHT_1862,attack,0.9992
CSHT_1863,attack,0.9992
CSHT_1864,attack,0.9822
CSHT_1865,attack,0.9992
CSHT_1866,attack,0.9992
CSHT_1867,attack,0.9949
CSHT_1868,attack,0.9992
CSHT_1869,attack,0.964
CSHT_1870,attack,0.9992
CSHT_1871,attack,0.7234
CSHT_1872,attack,0.9934
CSHT_1873,attack,0.9992
CSHT_1874,attack,0.9992
CSHT_1875,attack,0.9992
CSHT_1876,attack,0.9898
CSHT_1877,attack,0.956
CSHT_1878,attack,0.9925
CSHT_1879,attack,0.9067
CSHT_1880,attack,0.9992
CSHT_1881,attack,0.9811
CSHT_1882,attack,0.9805
CSHT_1883,attack,0.9773
CSHT_1884,attack,0.9765
CSHT_1885,attack,0.9992
CSHT_1886,attack,0.9597
CSHT_1887,attack,0.6596
CSHT_1888,attack,0.9992
CSHT_1889,attack,0.9992
CSHT_1890,attack,0.9992
CSHT_1891,attack,0.9348
CSHT_1892,attack,0.8266
CSHT_1893,attack,0.9992
CSHT_1894,attack,0.9658
CSHT_1895,attack,0.9352
CSHT_1896,attack,0.9723
CSHT_1897,attack,0.9285
CSHT_1898,attack,0.9992
CSHT_1899,attack,0.9704
CSHT_1900,attack,0.9475
CSHT_1901,attack,0.738
CSHT_1902,attack,0.9992
CSHT_1903,attack,0.9992
CSHT_1904,attack,0.695
CSHT_1905,attack,0.9992
CSHT_1906,attack,0.9992
CSHT_1907,attack,0.7501
CSHT_1908,attack,0.9805
CSHT_1909,attack,0.9992
CSHT_1910,attack,0.9045
CSHT_1911,normal,0.675
CSHT_1912,attack,0.9992
CSHT_1913,attack,0.9675
CSHT_1914,normal,0.6927
CSHT_1915,attack,0.9992
CSHT_1916,attack,0.9992
CSHT_1917,attack,0.886
CSHT_1918,attack,0.9992
CSHT_1919,attack,0.9992
CSHT_1920,attack,0.9651
CSHT_1921,attack,0.9327
CSHT_1922,attack,0.9992
CSHT_1923,attack,0.9848
CSHT_1924,normal,0.8738
CSHT_1925,attack,0.9992
CSHT_1926,attack,0.9992
CSHT_1927,attack,0.8504
CSHT_1928,attack,0.9992
CSHT_1929,attack,0.9767
CSHT_1930,attack,0.9992
CSHT_1931,attack,0.5855
CSHT_1932,attack,0.9776
CSHT_1933,attack,0.9992
CSHT_1934,attack,0.717
CSHT_1935,attack,0.9992
CSHT_1936,attack,0.9992
CSHT_1937,attack,0.9992
CSHT_1938,attack,0.9992
CSHT_1939,attack,0.8508
CSHT_1940,attack,0.9693
CSHT_1941,attack,0.7117
CSHT_1942,attack,0.9361
CSHT_1943,attack,0.9379
CSHT_1944,attack,0.8354
CSHT_1945,attack,0.9992
CSHT_1946,attack,0.9716
CSHT_1947,attack,0.9853
CSHT_1948,attack,0.9992
CSHT_1949,attack,0.9992
CSHT_1950,attack,0.9992
CSHT_1951,attack,0.8493
CSHT_1952,attack,0.986
CSHT_1953,attack,0.9992
CSHT_1954,attack,0.9822
CSHT_1955,attack,0.9992
CSHT_1956,attack,0.9992
CSHT_1957,attack,0.9857
CSHT_1958,attack,0.9992
CSHT_1959,attack,0.9992
CSHT_1960,attack,0.9823
CSHT_1961,attack,0.8102
CSHT_1962,attack,0.9992
CSHT_1963,attack,0.9989
CSHT_1964,attack,0.5949
CSHT_1965,attack,0.9992
CSHT_1966,attack,0.9872
CSHT_1967,attack,0.9409
CSHT_1968,attack,0.9571
CSHT_1969,attack,0.9992
CSHT_1970,attack,0.994
CSHT_1971,normal,0.9057
CSHT_1972,attack,0.9992
CSHT_1973,attack,0.9702
CSHT_1974,attack,0.7071
CSHT_1975,attack,0.9992
CSHT_1976,attack,0.9992
CSHT_1977,attack,0.9726
CSHT_1978,attack,0.9823
CSHT_1979,attack,0.8631
CSHT_1980,attack,0.9992
CSHT_1981,attack,0.8226
CSHT_1982,attack,0.9992
CSHT_1983,attack,0.9519
CSHT_1984,attack,0.908
CSHT_1985,attack,0.9992
CSHT_1986,attack,0.9992
CSHT_1987,attack,0.969
CSHT_1988,attack,0.9512
CSHT_1989,attack,0.9771
CSHT_1990,attack,0.9319
CSHT_1991,attack,0.9766
CSHT_1992,attack,0.9992
CSHT_1993,attack,0.9992
CSHT_1994,attack,0.7389
CSHT_1995,attack,0.9992
CSHT_1996,attack,0.7412
CSHT_1997,attack,0.9602
CSHT_1998,attack,0.9992
CSHT_1999,attack,0.9816
CSHT_2000,attack,0.9251
CSHT_2001,normal,0.5511
CSHT_2002,attack,0.9846
CSHT_2003,attack,0.9314
CSHT_2004,attack,0.8146
CSHT_2005,attack,0.8568
CSHT_2006,attack,0.9992
CSHT_2007,attack,0.9992
CSHT_2008,attack,0.9189
CSHT_2009,attack,0.9992
CSHT_2010,attack,0.9992
CSHT_2011,attack,0.8912
CSHT_2012,attack,0.9992
CSHT_2013,attack,0.9857
CSHT_2014,attack,0.5708
CSHT_2015,attack,0.9992
CSHT_2016,attack,0.9922
CSHT_2017,attack,0.9601
CSHT_2018,attack,0.9898
CSHT_2019,attack,0.9734
CSHT_2020,attack,0.8828
CSHT_2021,attack,0.8631
CSHT_2022,attack,0.9992
CSHT_2023,attack,0.8517
CSHT_2024,normal,0.6723
CSHT_2025,attack,0.9992
CSHT_2026,attack,0.9797
CSHT_2027,attack,0.9992
CSHT_2028,attack,0.9992
CSHT_2029,attack,0.9992
CSHT_2030,attack,0.9816
CSHT_2031,attack,0.6546
CSHT_2032,attack,0.9992
CSHT_2033,attack,0.9445
CSHT_2034,attack,0.8544
CSHT_2035,attack,0.9992
CSHT_2036,attack,0.9054
CSHT_2037,attack,0.6929
CSHT_2038,attack,0.9563
CSHT_2039,attack,0.9992
CSHT_2040,attack,0.9551
CSHT_2041,attack,0.5697
CSHT_2042,attack,0.9378
CSHT_2043,attack,0.9992
CSHT_2044,attack,0.9066
CSHT_2045,attack,0.9817
CSHT_2046,attack,0.9642
CSHT_2047,attack,0.9114
CSHT_2048,attack,0.9992
CSHT_2049,attack,0.9992
CSHT_2050,attack,0.8122
CSHT_2051,attack,0.9032
CSHT_2052,attack,0.9992
CSHT_2053,attack,0.9467
CSHT_2054,attack,0.9992
CSHT_2055,attack,0.9992
CSHT_2056,attack,0.9735
CSHT_2057,attack,0.9433
CSHT_2058,attack,0.9992
CSHT_2059,attack,0.8967
CSHT_2060,attack,0.7834
CSHT_2061,attack,0.9346
CSHT_2062,attack,0.8801
CSHT_2063,attack,0.9345
CSHT_2064,attack,0.9992
CSHT_2065,attack,0.9992
CSHT_2066,attack,0.8583
CSHT_2067,attack,0.9976
CSHT_2068,attack,0.9992
CSHT_2069,attack,0.9992
CSHT_2070,attack,0.7597
CSHT_2071,attack,0.9455
CSHT_2072,attack,0.9992
CSHT_2073,attack,0.9921
CSHT_2074,attack,0.949
CSHT_2075,attack,0.9837
CSHT_2076,attack,0.9992
CSHT_2077,attack,0.6004
CSHT_2078,attack,0.9992
CSHT_2079,attack,0.9571
CSHT_2080,attack,0.9992
CSHT_2081,attack,0.5641
CSHT_2082,attack,0.9992
CSHT_2083,attack,0.9192
CSHT_2084,attack,0.6871
CSHT_2085,attack,0.9992
CSHT_2086,attack,0.9673
CSHT_2087,attack,0.7551
CSHT_2088,attack,0.9992
CSHT_2089,attack,0.9992
CSHT_2090,attack,0.9945
CSHT_2091,attack,0.8064
CSHT_2092,attack,0.9352
CSHT_2093,attack,0.8931
CSHT_2094,attack,0.6899
CSHT_2095,attack,0.9865
CSHT_2096,attack,0.9992
CSHT_2097,attack,0.8508
CSHT_2098,attack,0.9992
CSHT_2099,attack,0.9816
CSHT_2100,attack,0.9992
CSHT_2101,attack,0.5253
CSHT_2102,attack,0.9992
CSHT_2103,attack,0.7616
CSHT_2104,attack,0.9976
CSHT_2105,attack,0.9007
CSHT_2106,attack,0.9321
CSHT_2107,attack,0.7352
CSHT_2108,attack,0.9992
CSHT_2109,attack,0.9866
CSHT_2110,attack,0.9992
CSHT_2111,normal,0.9677
CSHT_2112,attack,0.9971
CSHT_2113,attack,0.9992
CSHT_2114,attack,0.9523
CSHT_2115,attack,0.9992
CSHT_2116,attack,0.9992
CSHT_2117,attack,0.8123
CSHT_2118,attack,0.9992
CSHT_2119,attack,0.974
CSHT_2120,attack,0.9526
CSHT_2121,attack,0.8386
CSHT_2122,attack,0.9992
CSHT_2123,attack,0.8022
CSHT_2124,attack,0.6176
CSHT_2125,attack,0.9992
CSHT_2126,attack,0.886
CSHT_2127,attack,0.931
CSHT_2128,attack,0.9992
CSHT_2129,attack,0.9664
CSHT_2130,attack,0.9792
CSHT_2131,normal,0.622
CSHT_2132,attack,0.9812
CSHT_2133,attack,0.7397
CSHT_2134,attack,0.6611
CSHT_2135,attack,0.9992
CSHT_2136,attack,0.9992
CSHT_2137,attack,0.8255
CSHT_2138,attack,0.9753
CSHT_2139,attack,0.8921
CSHT_2140,attack,0.748
CSHT_2141,attack,0.7095
CSHT_2142,attack,0.9992
CSHT_2143,attack,0.972
CSHT_2144,attack,0.7297
CSHT_2145,attack,0.9992
CSHT_2146,attack,0.9752
CSHT_2147,attack,0.9569
CSHT_2148,attack,0.984
CSHT_2149,attack,0.9209
CSHT_2150,attack,0.9992
CSHT_2151,attack,0.8
CSHT_2152,attack,0.9992
CSHT_2153,attack,0.9992
CSHT_2154,normal,0.6897
CSHT_2155,attack,0.9992
CSHT_2156,attack,0.9456
CSHT_2157,attack,0.8162
CSHT_2158,attack,0.9992
CSHT_2159,attack,0.7771
CSHT_2160,attack,0.9992
CSHT_2161,attack,0.9695
CSHT_2162,attack,0.9582
CSHT_2163,attack,0.915
CSHT_2164,attack,0.8613
CSHT_2165,attack,0.9992
CSHT_2166,attack,0.9991
CSHT_2167,attack,0.7341
CSHT_2168,attack,0.9992
CSHT_2169,attack,0.7604
CSHT_2170,attack,0.9876
CSHT_2171,attack,0.9795
CSHT_2172,attack,0.9806
CSHT_2173,attack,0.9812
CSHT_2174,attack,0.6619
CSHT_2175,attack,0.9992
CSHT_2176,attack,0.6937
CSHT_2177,attack,0.9392
CSHT_2178,attack,0.9992
CSHT_2179,attack,0.9772
CSHT_2180,attack,0.9776
CSHT_2181,attack,0.9491
CSHT_2182,attack,0.977
CSHT_2183,attack,0.7644
CSHT_2184,attack,0.911
CSHT_2185,attack,0.9992
CSHT_2186,attack,0.9864
CSHT_2187,attack,0.7655
CSHT_2188,attack,0.9992
CSHT_2189,attack,0.9992
CSHT_2190,attack,0.9609
CSHT_2191,normal,0.7725
CSHT_2192,attack,0.9992
CSHT_2193,attack,0.9237
CSHT_2194,attack,0.9323
CSHT_2195,attack,0.9992
CSHT_2196,attack,0.9992
CSHT_2197,attack,0.8954
CSHT_2198,attack,0.9992
CSHT_2199,attack,0.9892
CSHT_2200,attack,0.8413
CSHT_2201,attack,0.999
CSHT_2202,attack,0.9992
CSHT_2203,attack,0.7075
CSHT_2204,attack,0.9992
CSHT_2205,attack,0.9992
CSHT_2206,attack,0.9964
CSHT_2207,attack,0.9361
CSHT_2208,attack,0.9992
CSHT_2209,attack,0.9895
CSHT_2210,attack,0.7099
CSHT_2211,attack,0.7969
CSHT_2212,attack,0.9992
CSHT_2213,attack,0.7702
CSHT_2214,attack,0.9423
CSHT_2215,attack,0.9992
CSHT_2216,attack,0.9992
CSHT_2217,attack,0.8821
CSHT_2218,attack,0.9992
CSHT_2219,attack,0.9492
CSHT_2220,attack,0.9892
CSHT_2221,attack,0.764
CSHT_2222,attack,0.9992
CSHT_2223,attack,0.9992
CSHT_2224,attack,0.9992
CSHT_2225,attack,0.9992
CSHT_2226,attack,0.9815
CSHT_2227,attack,0.7724
CSHT_2228,attack,0.9992
CSHT_2229,attack,0.9811
CSHT_2230,attack,0.9933
CSHT_2231,normal,0.9477
CSHT_2232,attack,0.9733
CSHT_2233,attack,0.9992
CSHT_2234,attack,0.8639
CSHT_2235,attack,0.9823
CSHT_2236,attack,0.983
CSHT_2237,attack,0.5003
CSHT_2238,attack,0.9992
CSHT_2239,attack,0.9992
CSHT_2240,attack,0.9912
CSHT_2241,normal,0.8845
CSHT_2242,attack,0.8605
CSHT_2243,attack,0.9317
CSHT_2244,attack,0.7392
CSHT_2245,attack,0.9714
CSHT_2246,attack,0.9711
CSHT_2247,attack,0.986
CSHT_2248,attack,0.9992
CSHT_2249,attack,0.9992
CSHT_2250,attack,0.9571
CSHT_2251,attack,0.7284
CSHT_2252,attack,0.9992
CSHT_2253,attack,0.9874
CSHT_2254,attack,0.9697
CSHT_2255,attack,0.9992
CSHT_2256,attack,0.9519
CSHT_2257,attack,0.9041
CSHT_2258,attack,0.9992
CSHT_2259,attack,0.9992
CSHT_2260,attack,0.9976
CSHT_2261,attack,0.5908
CSHT_2262,attack,0.9737
CSHT_2263,attack,0.9433
CSHT_2264,attack,0.5467
CSHT_2265,attack,0.9959
CSHT_2266,attack,0.8566
CSHT_2267,attack,0.9992
CSHT_2268,attack,0.9836
CSHT_2269,attack,0.9786
CSHT_2270,attack,0.9831
CSHT_2271,normal,0.9592
CSHT_2272,attack,0.973
CSHT_2273,attack,0.9992
CSHT_2274,attack,0.8934
CSHT_2275,attack,0.9992
CSHT_2276,attack,0.9754
CSHT_2277,attack,0.6278
CSHT_2278,attack,0.9992
CSHT_2279,attack,0.9992
CSHT_2280,attack,0.9752
CSHT_2281,attack,0.7642
CSHT_2282,attack,0.9992
CSHT_2283,attack,0.9211
CSHT_2284,attack,0.7579
CSHT_2285,attack,0.9992
CSHT_2286,attack,0.9607
CSHT_2287,attack,0.6114
CSHT_2288,attack,0.9548
CSHT_2289,attack,0.9906
CSHT_2290,attack,0.9591
CSHT_2291,normal,0.858
CSHT_2292,attack,0.9992
CSHT_2293,attack,0.9569
CSHT_2294,attack,0.8363
CSHT_2295,attack,0.9943
CSHT_2296,attack,0.9992
CSHT_2297,attack,0.8906
CSHT_2298,attack,0.9992
CSHT_2299,attack,0.9203
CSHT_2300,attack,0.9909
CSHT_2301,attack,0.8261
CSHT_2302,attack,0.9992
CSHT_2303,attack,0.9989
CSHT_2304,attack,0.9693
CSHT_2305,attack,0.9929
CSHT_2306,attack,0.9992
CSHT_2307,attack,0.582
CSHT_2308,attack,0.9992
CSHT_2309,attack,0.9493
CSHT_2310,attack,0.9431
CSHT_2311,normal,0.5883
CSHT_2312,attack,0.9428
CSHT_2313,attack,0.9992
CSHT_2314,attack,0.7367
CSHT_2315,attack,0.9992
CSHT_2316,attack,0.9992
CSHT_2317,attack,0.8654
CSHT_2318,attack,0.9992
CSHT_2319,attack,0.7889
CSHT_2320,attack,0.9769
CSHT_2321,normal,0.5588
CSHT_2322,attack,0.9593
CSHT_2323,attack,0.95
CSHT_2324,attack,0.9324
CSHT_2325,attack,0.9992
CSHT_2326,attack,0.9523
CSHT_2327,attack,0.6394
CSHT_2328,attack,0.9992
CSHT_2329,attack,0.9758
CSHT_2330,attack,0.9509
CSHT_2331,normal,0.602
CSHT_2332,attack,0.9992
CSHT_2333,attack,0.9754
CSHT_2334,attack,0.84
CSHT_2335,attack,0.99
CSHT_2336,attack,0.9992
CSHT_2337,attack,0.5137
CSHT_2338,attack,0.9932
CSHT_2339,attack,0.977
CSHT_2340,attack,0.9436
CSHT_2341,attack,0.8349
CSHT_2342,attack,0.9992
CSHT_2343,attack,0.9992
CSHT_2344,attack,0.615
CSHT_2345,attack,0.9992
CSHT_2346,attack,0.9992
CSHT_2347,attack,0.9992
CSHT_2348,attack,0.9992
CSHT_2349,attack,0.9425
CSHT_2350,attack,0.9675
CSHT_2351,normal,0.757
CSHT_2352,attack,0.9992
CSHT_2353,attack,0.9409
CSHT_2354,attack,0.9856
CSHT_2355,attack,0.979
CSHT_2356,attack,0.9992
CSHT_2357,attack,0.8864
CSHT_2358,attack,0.9992
CSHT_2359,attack,0.9861
CSHT_2360,attack,0.9992
CSHT_2361,attack,0.7397
CSHT_2362,attack,0.9992
CSHT_2363,attack,0.9413
CSHT_2364,attack,0.9349
CSHT_2365,attack,0.9992
CSHT_2366,attack,0.9992
CSHT_2367,attack,0.9904
CSHT_2368,attack,0.9992
CSHT_2369,attack,0.9784
CSHT_2370,attack,0.9285
CSHT_2371,normal,0.9712
CSHT_2372,attack,0.9992
CSHT_2373,attack,0.982
CSHT_2374,attack,0.8061
CSHT_2375,attack,0.9992
CSHT_2376,attack,0.9992
CSHT_2377,attack,0.8697
CSHT_2378,attack,0.9992
CSHT_2379,attack,0.952
CSHT_2380,attack,0.9992
CSHT_2381,attack,0.8787
CSHT_2382,attack,0.9992
CSHT_2383,attack,0.9952
CSHT_2384,attack,0.8692
CSHT_2385,attack,0.9992
CSHT_2386,attack,0.9596
CSHT_2387,attack,0.8568
CSHT_2388,attack,0.9992
CSHT_2389,attack,0.9463
CSHT_2390,attack,0.9992
CSHT_2391,attack,0.5868
CSHT_2392,attack,0.9992
CSHT_2393,attack,0.9872
CSHT_2394,attack,0.7945
CSHT_2395,attack,0.9992
CSHT_2396,attack,0.9992
CSHT_2397,attack,0.7203
CSHT_2398,attack,0.9992
CSHT_2399,attack,0.939
CSHT_2400,attack,0.9992
CSHT_2401,attack,0.7903
CSHT_2402,attack,0.7982
CSHT_2403,attack,0.9563
CSHT_2404,attack,0.8681
CSHT_2405,attack,0.99
CSHT_2406,attack,0.9796
CSHT_2407,attack,0.891
CSHT_2408,attack,0.9992
CSHT_2409,attack,0.9992
CSHT_2410,attack,0.933
CSHT_2411,attack,0.8664
CSHT_2412,attack,0.9992
CSHT_2413,attack,0.637
CSHT_2414,attack,0.9382
CSHT_2415,attack,0.9753
CSHT_2416,attack,0.9992
CSHT_2417,attack,0.9992
CSHT_2418,attack,0.9959
CSHT_2419,attack,0.9992
CSHT_2420,attack,0.7732
CSHT_2421,attack,0.8574
CSHT_2422,attack,0.9992
CSHT_2423,attack,0.9992
CSHT_2424,attack,0.8305
CSHT_2425,attack,0.9833
CSHT_2426,attack,0.9992
CSHT_2427,attack,0.9992
CSHT_2428,attack,0.9992
CSHT_2429,attack,0.7139
CSHT_2430,attack,0.9992
CSHT_2431,normal,0.9738
CSHT_2432,attack,0.9992
CSHT_2433,attack,0.9992
CSHT_2434,attack,0.9715
CSHT_2435,attack,0.9992
CSHT_2436,attack,0.9929
CSHT_2437,attack,0.8163
CSHT_2438,attack,0.9992
CSHT_2439,attack,0.946
CSHT_2440,attack,0.9609
CSHT_2441,attack,0.5403
CSHT_2442,attack,0.9237
CSHT_2443,attack,0.9756
CSHT_2444,attack,0.8778
CSHT_2445,attack,0.8797
CSHT_2446,attack,0.9989
CSHT_2447,attack,0.6606
CSHT_2448,attack,0.9992
CSHT_2449,attack,0.9713
CSHT_2450,attack,0.9714
CSHT_2451,normal,0.5804
CSHT_2452,attack,0.9944
CSHT_2453,attack,0.8029
CSHT_2454,attack,0.8161
CSHT_2455,attack,0.9992
CSHT_2456,attack,0.9302
CSHT_2457,attack,0.9992
CSHT_2458,attack,0.9992
CSHT_2459,attack,0.9992
CSHT_2460,attack,0.986
CSHT_2461,normal,0.8764
CSHT_2462,attack,0.9929
CSHT_2463,attack,0.9856
CSHT_2464,attack,0.5783
CSHT_2465,attack,0.9992
CSHT_2466,attack,0.9752
CSHT_2467,attack,0.9049
CSHT_2468,attack,0.9992
CSHT_2469,attack,0.9992
CSHT_2470,attack,0.9812
CSHT_2471,attack,0.9992
CSHT_2472,attack,0.9721
CSHT_2473,attack,0.9421
CSHT_2474,attack,0.9219
CSHT_2475,attack,0.9884
CSHT_2476,attack,0.9849
CSHT_2477,attack,0.8497
CSHT_2478,attack,0.9007
CSHT_2479,attack,0.9274
CSHT_2480,attack,0.9992
CSHT_2481,attack,0.9979
CSHT_2482,attack,0.9943
CSHT_2483,attack,0.9324
CSHT_2484,normal,0.6877
CSHT_2485,attack,0.9992
CSHT_2486,attack,0.9909
CSHT_2487,attack,0.9811
CSHT_2488,attack,0.9878
CSHT_2489,attack,0.9992
CSHT_2490,attack,0.8746
CSHT_2491,attack,0.8539
CSHT_2492,attack,0.9992
CSHT_2493,attack,0.9992
CSHT_2494,attack,0.7761
CSHT_2495,attack,0.9992
CSHT_2496,attack,0.9992
CSHT_2497,attack,0.9705
CSHT_2498,attack,0.905
CSHT_2499,attack,0.9834
CSHT_2500,attack,0.9091
CSHT_2501,attack,0.8239
CSHT_2502,attack,0.9992
CSHT_2503,attack,0.96
CSHT_2504,attack,0.8968
CSHT_2505,attack,0.7233
CSHT_2506,attack,0.9992
CSHT_2507,attack,0.9651
CSHT_2508,attack,0.9992
CSHT_2509,attack,0.8646
CSHT_2510,attack,0.9815
CSHT_2511,attack,0.7094
CSHT_2512,attack,0.9992
CSHT_2513,attack,0.9992
CSHT_2514,attack,0.5027
CSHT_2515,attack,0.9405
CSHT_2516,attack,0.96
CSHT_2517,attack,0.9983
CSHT_2518,attack,0.9992
CSHT_2519,attack,0.9992
CSHT_2520,attack,0.9868
CSHT_2521,attack,0.8153
CSHT_2522,attack,0.9955
CSHT_2523,attack,0.8129
CSHT_2524,attack,0.9396
CSHT_2525,attack,0.9603
CSHT_2526,attack,0.9992
CSHT_2527,attack,0.9158
CSHT_2528,attack,0.9992
CSHT_2529,attack,0.7921
CSHT_2530,attack,0.8921
CSHT_2531,attack,0.9178
CSHT_2532,attack,0.9992
CSHT_2533,attack,0.9992
CSHT_2534,attack,0.6955
CSHT_2535,attack,0.9803
CSHT_2536,attack,0.9918
CSHT_2537,attack,0.8968
CSHT_2538,attack,0.9643
CSHT_2539,attack,0.9992
CSHT_2540,attack,0.8831
CSHT_2541,attack,0.739
CSHT_2542,attack,0.9992
CSHT_2543,attack,0.9992
CSHT_2544,normal,0.8559
CSHT_2545,attack,0.9853
CSHT_2546,attack,0.8853
CSHT_2547,attack,0.999
CSHT_2548,attack,0.9992
CSHT_2549,attack,0.9522
CSHT_2550,attack,0.6178
CSHT_2551,attack,0.7019
CSHT_2552,attack,0.9768
CSHT_2553,attack,0.9992
CSHT_2554,attack,0.6847
CSHT_2555,attack,0.9992
CSHT_2556,attack,0.918
CSHT_2557,attack,0.7547
CSHT_2558,attack,0.9992
CSHT_2559,attack,0.9992
CSHT_2560,attack,0.8991
CSHT_2561,attack,0.506
CSHT_2562,attack,0.9939
CSHT_2563,attack,0.9159
CSHT_2564,normal,0.7643
CSHT_2565,attack,0.9992
CSHT_2566,attack,0.9795
CSHT_2567,attack,0.9985
CSHT_2568,attack,0.9992
CSHT_2569,attack,0.995
CSHT_2570,attack,0.9641
CSHT_2571,normal,0.7524
CSHT_2572,attack,0.9992
CSHT_2573,attack,0.9992
CSHT_2574,normal,0.6809
CSHT_2575,attack,0.9992
CSHT_2576,attack,0.9434
CSHT_2577,attack,0.9777
CSHT_2578,attack,0.9992
CSHT_2579,attack,0.9992
CSHT_2580,attack,0.9987
CSHT_2581,normal,0.9586
CSHT_2582,attack,0.9992
CSHT_2583,attack,0.9687
CSHT_2584,attack,0.9761
CSHT_2585,attack,0.9992
CSHT_2586,attack,0.7215
CSHT_2587,attack,0.9904
CSHT_2588,attack,0.9992
CSHT_2589,attack,0.9335
CSHT_2590,attack,0.9992
CSHT_2591,normal,0.7687
CSHT_2592,attack,0.9992
CSHT_2593,attack,0.9992
CSHT_2594,attack,0.9756
CSHT_2595,attack,0.9992
CSHT_2596,attack,0.8254
CSHT_2597,attack,0.9992
CSHT_2598,attack,0.9992
CSHT_2599,attack,0.974
CSHT_2600,attack,0.8951
CSHT_2601,normal,0.5063
CSHT_2602,attack,0.9992
CSHT_2603,attack,0.9992
CSHT_2604,attack,0.5349
CSHT_2605,attack,0.9992
CSHT_2606,attack,0.9992
CSHT_2607,attack,0.7358
CSHT_2608,attack,0.9992
CSHT_2609,attack,0.9992
CSHT_2610,attack,0.9601
CSHT_2611,attack,0.9992
CSHT_2612,attack,0.9992
CSHT_2613,attack,0.9992
CSHT_2614,attack,0.854
CSHT_2615,attack,0.9992
CSHT_2616,attack,0.9992
CSHT_2617,attack,0.5773
CSHT_2618,attack,0.9992
CSHT_2619,attack,0.9992
CSHT_2620,attack,0.9992
CSHT_2621,normal,0.6924
CSHT_2622,attack,0.9992
CSHT_2623,attack,0.9787
CSHT_2624,attack,0.6887
CSHT_2625,attack,0.9992
CSHT_2626,attack,0.9992
CSHT_2627,attack,0.9914
CSHT_2628,attack,0.9992
CSHT_2629,attack,0.9733
CSHT_2630,attack,0.9815
CSHT_2631,attack,0.7975
CSHT_2632,attack,0.9742
CSHT_2633,attack,0.9119
CSHT_2634,normal,0.5242
CSHT_2635,attack,0.9992
CSHT_2636,attack,0.9992
CSHT_2637,attack,0.9796
CSHT_2638,attack,0.9722
CSHT_2639,attack,0.9992
CSHT_2640,attack,0.7351
CSHT_2641,normal,0.6365
CSHT_2642,attack,0.9898
CSHT_2643,attack,0.9937
CSHT_2644,attack,0.8075
CSHT_2645,attack,0.9992
CSHT_2646,attack,0.9992
CSHT_2647,attack,0.9733
CSHT_2648,attack,0.9992
CSHT_2649,attack,0.9368
CSHT_2650,attack,0.9798
CSHT_2651,normal,0.9524
CSHT_2652,attack,0.9992
CSHT_2653,attack,0.9992
CSHT_2654,attack,0.9984
CSHT_2655,attack,0.9518
CSHT_2656,attack,0.8675
CSHT_2657,attack,0.8544
CSHT_2658,attack,0.9992
CSHT_2659,attack,0.9542
CSHT_2660,attack,0.9992
CSHT_2661,attack,0.9652
CSHT_2662,attack,0.9992
CSHT_2663,attack,0.9393
CSHT_2664,attack,0.5305
CSHT_2665,attack,0.9992
CSHT_2666,attack,0.9578
CSHT_2667,attack,0.8095
CSHT_2668,attack,0.9992
CSHT_2669,attack,0.9992
CSHT_2670,attack,0.8268
CSHT_2671,normal,0.8523
CSHT_2672,attack,0.9992
CSHT_2673,attack,0.9825
CSHT_2674,normal,0.5996
CSHT_2675,attack,0.9992
CSHT_2676,attack,0.9518
CSHT_2677,attack,0.9992
CSHT_2678,attack,0.9801
CSHT_2679,attack,0.9992
CSHT_2680,attack,0.7761
CSHT_2681,attack,0.677
CSHT_2682,attack,0.9992
CSHT_2683,attack,0.9992
CSHT_2684,attack,0.5722
CSHT_2685,attack,0.9992
CSHT_2686,attack,0.9992
CSHT_2687,attack,0.8377
CSHT_2688,attack,0.9755
CSHT_2689,attack,0.9992
CSHT_2690,attack,0.9992
CSHT_2691,normal,0.9652
CSHT_2692,attack,0.9992
CSHT_2693,attack,0.9357
CSHT_2694,normal,0.5435
CSHT_2695,attack,0.9992
CSHT_2696,attack,0.984
CSHT_2697,attack,0.8695
CSHT_2698,attack,0.9992
CSHT_2699,attack,0.975
CSHT_2700,attack,0.9194
CSHT_2701,attack,0.9014
CSHT_2702,attack,0.9413
CSHT_2703,attack,0.9932
CSHT_2704,attack,0.9103
CSHT_2705,attack,0.9992
CSHT_2706,attack,0.9793
CSHT_2707,normal,0.766
CSHT_2708,attack,0.982
CSHT_2709,attack,0.9992
CSHT_2710,attack,0.9992
CSHT_2711,normal,0.7417
CSHT_2712,attack,0.9372
CSHT_2713,attack,0.9992
CSHT_2714,normal,0.6985
CSHT_2715,attack,0.9113
CSHT_2716,attack,0.9791
CSHT_2717,attack,0.9857
CSHT_2718,attack,0.9992
CSHT_2719,attack,0.8972
CSHT_2720,attack,0.9773
CSHT_2721,attack,0.5851
CSHT_2722,attack,0.9693
CSHT_2723,attack,0.9992
CSHT_2724,attack,0.6034
CSHT_2725,attack,0.9474
CSHT_2726,attack,0.9992
CSHT_2727,attack,0.9974
CSHT_2728,attack,0.977
CSHT_2729,attack,0.9665
CSHT_2730,attack,0.933
CSHT_2731,attack,0.5908
CSHT_2732,attack,0.9992
CSHT_2733,attack,0.9821
CSHT_2734,attack,0.8146
CSHT_2735,attack,0.9992
CSHT_2736,attack,0.9992
CSHT_2737,attack,0.9784
CSHT_2738,attack,0.9992
CSHT_2739,attack,0.991
CSHT_2740,attack,0.9473
CSHT_2741,attack,0.8326
CSHT_2742,attack,0.9869
CSHT_2743,attack,0.9992
CSHT_2744,attack,0.92
CSHT_2745,attack,0.9992
CSHT_2746,attack,0.9965
CSHT_2747,attack,0.8042
CSHT_2748,attack,0.9992
CSHT_2749,attack,0.9992
CSHT_2750,attack,0.9992
CSHT_2751,attack,0.6559
CSHT_2752,attack,0.8869
CSHT_2753,attack,0.9417
CSHT_2754,attack,0.9992
CSHT_2755,attack,0.9634
CSHT_2756,attack,0.99
CSHT_2757,attack,0.9523
CSHT_2758,attack,0.9992
CSHT_2759,attack,0.999
CSHT_2760,attack,0.98
CSHT_2761,attack,0.6955
CSHT_2762,attack,0.9992
CSHT_2763,attack,0.7918
CSHT_2764,normal,0.7228
CSHT_2765,attack,0.9992
CSHT_2766,attack,0.9577
CSHT_2767,attack,0.5842
CSHT_2768,attack,0.9992
CSHT_2769,attack,0.7682
CSHT_2770,attack,0.9705
CSHT_2771,attack,0.726
CSHT_2772,attack,0.9577
CSHT_2773,attack,0.9948
CSHT_2774,attack,0.9992
CSHT_2775,attack,0.9992
CSHT_2776,attack,0.6409
CSHT_2777,attack,0.9298
CSHT_2778,attack,0.9992
CSHT_2779,attack,0.9992
CSHT_2780,attack,0.9786
CSHT_2781,attack,0.9546
CSHT_2782,attack,0.9992
CSHT_2783,attack,0.9576
CSHT_2784,attack,0.9992
CSHT_2785,attack,0.9859
CSHT_2786,attack,0.9509
CSHT_2787,attack,0.999
CSHT_2788,attack,0.9992
CSHT_2789,attack,0.9992
CSHT_2790,attack,0.9295
CSHT_2791,attack,0.7701
CSHT_2792,attack,0.9992
CSHT_2793,attack,0.944
CSHT_2794,attack,0.999
CSHT_2795,attack,0.9992
CSHT_2796,attack,0.9992
CSHT_2797,attack,0.9473
CSHT_2798,attack,0.9992
CSHT_2799,attack,0.9596
CSHT_2800,attack,0.9992
CSHT_2801,normal,0.6096
CSHT_2802,attack,0.9757
CSHT_2803,attack,0.9825
CSHT_2804,attack,0.9831
CSHT_2805,attack,0.9992
CSHT_2806,attack,0.9992
CSHT_2807,attack,0.9992
CSHT_2808,attack,0.9992
CSHT_2809,attack,0.9992
CSHT_2810,attack,0.9926
CSHT_2811,attack,0.907
CSHT_2812,attack,0.8861
CSHT_2813,attack,0.9629
CSHT_2814,attack,0.6935
CSHT_2815,attack,0.9992
CSHT_2816,attack,0.9863
CSHT_2817,attack,0.9474
CSHT_2818,attack,0.9992
CSHT_2819,attack,0.9414
CSHT_2820,attack,0.9763
CSHT_2821,attack,0.5541
CSHT_2822,attack,0.9992
CSHT_2823,attack,0.7025
CSHT_2824,attack,0.9992
CSHT_2825,attack,0.9992
CSHT_2826,attack,0.9992
CSHT_2827,attack,0.8651
CSHT_2828,attack,0.9992
CSHT_2829,attack,0.9992
CSHT_2830,attack,0.9378
CSHT_2831,attack,0.642
CSHT_2832,attack,0.937
CSHT_2833,attack,0.9906
CSHT_2834,normal,0.5889
CSHT_2835,attack,0.9434
CSHT_2836,attack,0.9851
CSHT_2837,attack,0.9593
CSHT_2838,attack,0.9992
CSHT_2839,attack,0.9992
CSHT_2840,attack,0.8839
CSHT_2841,attack,0.9331
CSHT_2842,attack,0.9697
CSHT_2843,attack,0.8767
CSHT_2844,attack,0.9114
CSHT_2845,attack,0.9992
CSHT_2846,attack,0.9992
CSHT_2847,attack,0.7281
CSHT_2848,attack,0.9762
CSHT_2849,attack,0.8039
CSHT_2850,attack,0.5923
CSHT_2851,normal,0.5119
CSHT_2852,attack,0.9835
CSHT_2853,attack,0.9992
CSHT_2854,attack,0.8946
CSHT_2855,attack,0.9992
CSHT_2856,attack,0.938
CSHT_2857,attack,0.9554
CSHT_2858,attack,0.9678
CSHT_2859,attack,0.9992
CSHT_2860,attack,0.9714
CSHT_2861,attack,0.9018
CSHT_2862,attack,0.9992
CSHT_2863,normal,0.5247
CSHT_2864,attack,0.8725
CSHT_2865,attack,0.9913
CSHT_2866,attack,0.8625
CSHT_2867,attack,0.971
CSHT_2868,attack,0.9992
CSHT_2869,attack,0.883
CSHT_2870,attack,0.9547
CSHT_2871,normal,0.9681
CSHT_2872,attack,0.9992
CSHT_2873,attack,0.9992
CSHT_2874,attack,0.9713
CSHT_2875,attack,0.9992
CSHT_2876,attack,0.9742
CSHT_2877,attack,0.9498
CSHT_2878,attack,0.9992
CSHT_2879,attack,0.773
CSHT_2880,attack,0.9992
CSHT_2881,attack,0.922
CSHT_2882,attack,0.9992
CSHT_2883,attack,0.9019
CSHT_2884,attack,0.9992
CSHT_2885,attack,0.9992
CSHT_2886,attack,0.9992
CSHT_2887,attack,0.9803
CSHT_2888,attack,0.9992
CSHT_2889,attack,0.9992
CSHT_2890,attack,0.8016
CSHT_2891,normal,0.5748
CSHT_2892,attack,0.9992
CSHT_2893,attack,0.7379
CSHT_2894,normal,0.7109
CSHT_2895,attack,0.9783
CSHT_2896,attack,0.9834
CSHT_2897,attack,0.9923
CSHT_2898,attack,0.9598
CSHT_2899,attack,0.9992
CSHT_2900,attack,0.9991
CSHT_2901,attack,0.8103
CSHT_2902,attack,0.9518
CSHT_2903,attack,0.9376
CSHT_2904,attack,0.9838
CSHT_2905,attack,0.9992
CSHT_2906,attack,0.9992
CSHT_2907,attack,0.9906
CSHT_2908,attack,0.9792
CSHT_2909,attack,0.9992
CSHT_2910,attack,0.7846
CSHT_2911,attack,0.6575
CSHT_2912,attack,0.9599
CSHT_2913,attack,0.9261
CSHT_2914,normal,0.6798
CSHT_2915,attack,0.9992
CSHT_2916,attack,0.9992
CSHT_2917,attack,0.9992
CSHT_2918,attack,0.9789
CSHT_2919,attack,0.9992
CSHT_2920,attack,0.986
CSHT_2921,attack,0.6865
CSHT_2922,attack,0.9947
CSHT_2923,attack,0.9992
CSHT_2924,attack,0.9992
CSHT_2925,attack,0.9992
CSHT_2926,attack,0.9507
CSHT_2927,attack,0.9757
CSHT_2928,attack,0.9992
CSHT_2929,attack,0.9992
CSHT_2930,attack,0.9991
CSHT_2931,attack,0.9935
CSHT_2932,attack,0.9992
CSHT_2933,attack,0.9992
CSHT_2934,attack,0.7944
CSHT_2935,attack,0.9992
CSHT_2936,attack,0.7378
CSHT_2937,attack,0.628
CSHT_2938,attack,0.9992
CSHT_2939,attack,0.9468
CSHT_2940,attack,0.8156
CSHT_2941,attack,0.8637
CSHT_2942,attack,0.9992
CSHT_2943,attack,0.9875
CSHT_2944,normal,0.5473
CSHT_2945,attack,0.9992
CSHT_2946,attack,0.9992
CSHT_2947,attack,0.9893
CSHT_2948,attack,0.9992
CSHT_2949,attack,0.9992
CSHT_2950,attack,0.9637
CSHT_2951,attack,0.9547
CSHT_2952,attack,0.9992
CSHT_2953,attack,0.9992
CSHT_2954,attack,0.9992
CSHT_2955,attack,0.9614
CSHT_2956,attack,0.9992
CSHT_2957,attack,0.8708
CSHT_2958,attack,0.9992
CSHT_2959,attack,0.9992
CSHT_2960,attack,0.8477
CSHT_2961,normal,0.6376
CSHT_2962,attack,0.9992
CSHT_2963,attack,0.9168
CSHT_2964,attack,0.8213
CSHT_2965,attack,0.9992
CSHT_2966,attack,0.9611
CSHT_2967,attack,0.6691
CSHT_2968,attack,0.9992
CSHT_2969,attack,0.9992
CSHT_2970,attack,0.9823
CSHT_2971,attack,0.9398
CSHT_2972,attack,0.9992
CSHT_2973,attack,0.8196
CSHT_2974,normal,0.5451
CSHT_2975,attack,0.9959
CSHT_2976,attack,0.9641
CSHT_2977,attack,0.9992
CSHT_2978,attack,0.9992
CSHT_2979,attack,0.9992
CSHT_2980,attack,0.9794
CSHT_2981,attack,0.7794
CSHT_2982,attack,0.9992
CSHT_2983,attack,0.9853
CSHT_2984,attack,0.6407
CSHT_2985,attack,0.9543
CSHT_2986,attack,0.9992
CSHT_2987,attack,0.9331
CSHT_2988,attack,0.9992
CSHT_2989,attack,0.9619
CSHT_2990,attack,0.5426
CSHT_2991,attack,0.9964
CSHT_2992,attack,0.9992
CSHT_2993,attack,0.9825
CSHT_2994,attack,0.9983
CSHT_2995,attack,0.9992
CSHT_2996,attack,0.9923
CSHT_2997,attack,0.9983
CSHT_2998,attack,0.951
CSHT_2999,attack,0.9715
CSHT_3000,attack,0.752
CSHT_3001,attack,0.9565
CSHT_3002,attack,0.9672
CSHT_3003,attack,0.9992
CSHT_3004,attack,0.9609
CSHT_3005,attack,0.98
CSHT_3006,attack,0.9844
CSHT_3007,attack,0.8806
CSHT_3008,attack,0.9992
CSHT_3009,attack,0.9992
CSHT_3010,attack,0.9052
CSHT_3011,attack,0.6535
CSHT_3012,attack,0.9992
CSHT_3013,attack,0.9465
CSHT_3014,attack,0.9213
CSHT_3015,attack,0.7896
CSHT_3016,attack,0.9992
CSHT_3017,attack,0.8093
CSHT_3018,attack,0.9992
CSHT_3019,attack,0.9074
CSHT_3020,attack,0.942
CSHT_3021,normal,0.7869
CSHT_3022,attack,0.9992
CSHT_3023,attack,0.9937
CSHT_3024,attack,0.7071
CSHT_3025,attack,0.9992
CSHT_3026,attack,0.9992
CSHT_3027,attack,0.9806
CSHT_3028,attack,0.9763
CSHT_3029,attack,0.9992
CSHT_3030,attack,0.958
CSHT_3031,normal,0.6787
CSHT_3032,attack,0.9516
CSHT_3033,attack,0.9657
CSHT_3034,normal,0.5817
CSHT_3035,attack,0.9801
CSHT_3036,attack,0.9992
CSHT_3037,attack,0.9
CSHT_3038,attack,0.9992
CSHT_3039,attack,0.9075
CSHT_3040,attack,0.9535
CSHT_3041,normal,0.9066
CSHT_3042,attack,0.9992
CSHT_3043,attack,0.9822
CSHT_3044,attack,0.6127
CSHT_3045,attack,0.9992
CSHT_3046,attack,0.9992
CSHT_3047,attack,0.9886
CSHT_3048,attack,0.9894
CSHT_3049,attack,0.9863
CSHT_3050,attack,0.9883
CSHT_3051,attack,0.8549
CSHT_3052,attack,0.9992
CSHT_3053,attack,0.8877
CSHT_3054,attack,0.6801
CSHT_3055,attack,0.9992
CSHT_3056,attack,0.9719
CSHT_3057,attack,0.9138
CSHT_3058,attack,0.9992
CSHT_3059,attack,0.9047
CSHT_3060,attack,0.7654
CSHT_3061,attack,0.9331
CSHT_3062,attack,0.9992
CSHT_3063,attack,0.8906
CSHT_3064,attack,0.9992
CSHT_3065,attack,0.9992
CSHT_3066,attack,0.9992
CSHT_3067,attack,0.6656
CSHT_3068,attack,0.9624
CSHT_3069,attack,0.8825
CSHT_3070,attack,0.9626
CSHT_3071,attack,0.7891
CSHT_3072,attack,0.9992
CSHT_3073,attack,0.9363
CSHT_3074,normal,0.6768
CSHT_3075,attack,0.9992
CSHT_3076,attack,0.981
CSHT_3077,attack,0.8663
CSHT_3078,attack,0.9992
CSHT_3079,attack,0.9916
CSHT_3080,attack,0.7628
CSHT_3081,attack,0.9269
CSHT_3082,attack,0.7651
CSHT_3083,attack,0.9806
CSHT_3084,normal,0.6741
CSHT_3085,attack,0.9992
CSHT_3086,attack,0.9992
CSHT_3087,attack,0.7967
CSHT_3088,attack,0.9992
CSHT_3089,attack,0.9878
CSHT_3090,attack,0.9197
CSHT_3091,attack,0.8446
CSHT_3092,attack,0.9968
CSHT_3093,attack,0.9992
CSHT_3094,normal,0.6192
CSHT_3095,attack,0.9992
CSHT_3096,attack,0.9992
CSHT_3097,attack,0.8952
CSHT_3098,attack,0.9992
CSHT_3099,attack,0.9481
CSHT_3100,attack,0.9859
CSHT_3101,attack,0.912
CSHT_3102,attack,0.9992
CSHT_3103,attack,0.5118
CSHT_3104,normal,0.8455
CSHT_3105,attack,0.9992
CSHT_3106,attack,0.9992
CSHT_3107,attack,0.7579
CSHT_3108,attack,0.9992
CSHT_3109,attack,0.9728
CSHT_3110,attack,0.9992
CSHT_3111,attack,0.8983
CSHT_3112,attack,0.9724
CSHT_3113,attack,0.9394
CSHT_3114,attack,0.9599
CSHT_3115,attack,0.9992
CSHT_3116,attack,0.99
CSHT_3117,attack,0.9314
CSHT_3118,attack,0.9948
CSHT_3119,attack,0.9992
CSHT_3120,attack,0.9411
CSHT_3121,attack,0.8477
CSHT_3122,attack,0.985
CSHT_3123,attack,0.9024
CSHT_3124,attack,0.9159
CSHT_3125,attack,0.9466
CSHT_3126,attack,0.9992
CSHT_3127,attack,0.6367
CSHT_3128,attack,0.9992
CSHT_3129,attack,0.9992
CSHT_3130,attack,0.9853
CSHT_3131,normal,0.7672
CSHT_3132,attack,0.9992
CSHT_3133,attack,0.9747
CSHT_3134,attack,0.9469
CSHT_3135,attack,0.9992
CSHT_3136,attack,0.943
CSHT_3137,attack,0.9992
CSHT_3138,attack,0.9992
CSHT_3139,attack,0.9992
CSHT_3140,attack,0.984
CSHT_3141,attack,0.5725
CSHT_3142,attack,0.9992
CSHT_3143,attack,0.9528
CSHT_3144,normal,0.5907
CSHT_3145,attack,0.9992
CSHT_3146,attack,0.9992
CSHT_3147,attack,0.6918
CSHT_3148,attack,0.9992
CSHT_3149,attack,0.9648
CSHT_3150,attack,0.9953
CSHT_3151,normal,0.7538
CSHT_3152,attack,0.8825
CSHT_3153,attack,0.9533
CSHT_3154,attack,0.6856
CSHT_3155,attack,0.9583
CSHT_3156,attack,0.9799
CSHT_3157,attack,0.9858
CSHT_3158,attack,0.9992
CSHT_3159,attack,0.9193
CSHT_3160,attack,0.9908
CSHT_3161,attack,0.9107
CSHT_3162,attack,0.9775
CSHT_3163,attack,0.9894
CSHT_3164,attack,0.9992
CSHT_3165,attack,0.9949
CSHT_3166,attack,0.8292
CSHT_3167,attack,0.7697
CSHT_3168,attack,0.8828
CSHT_3169,attack,0.9197
CSHT_3170,attack,0.9418
CSHT_3171,normal,0.953
CSHT_3172,attack,0.9992
CSHT_3173,attack,0.9991
CSHT_3174,attack,0.9991
CSHT_3175,attack,0.9992
CSHT_3176,attack,0.9877
CSHT_3177,attack,0.9195
CSHT_3178,attack,0.9992
CSHT_3179,attack,0.9992
CSHT_3180,attack,0.9138
CSHT_3181,normal,0.5998
CSHT_3182,attack,0.9992
CSHT_3183,attack,0.6948
CSHT_3184,attack,0.9708
CSHT_3185,attack,0.9992
CSHT_3186,attack,0.9779
CSHT_3187,attack,0.5069
CSHT_3188,attack,0.9782
CSHT_3189,attack,0.9992
CSHT_3190,attack,0.8162
CSHT_3191,normal,0.7337
CSHT_3192,attack,0.9782
CSHT_3193,attack,0.828
CSHT_3194,attack,0.6349
CSHT_3195,attack,0.9498
CSHT_3196,attack,0.9927
CSHT_3197,attack,0.9491
CSHT_3198,attack,0.9992
CSHT_3199,attack,0.9992
CSHT_3200,attack,0.9767
CSHT_3201,attack,0.5879
CSHT_3202,attack,0.9992
CSHT_3203,attack,0.9225
CSHT_3204,attack,0.8302
CSHT_3205,attack,0.9992
CSHT_3206,attack,0.9626
CSHT_3207,attack,0.9984
CSHT_3208,attack,0.9921
CSHT_3209,attack,0.8557
CSHT_3210,attack,0.9992
CSHT_3211,normal,0.9651
CSHT_3212,attack,0.9992
CSHT_3213,attack,0.9899
CSHT_3214,attack,0.6566
CSHT_3215,attack,0.9992
CSHT_3216,attack,0.9992
CSHT_3217,attack,0.9855
CSHT_3218,attack,0.9469
CSHT_3219,attack,0.9992
CSHT_3220,attack,0.9992
CSHT_3221,attack,0.7867
CSHT_3222,attack,0.9992
CSHT_3223,attack,0.9937
CSHT_3224,normal,0.5779
CSHT_3225,attack,0.9871
CSHT_3226,attack,0.9841
CSHT_3227,attack,0.9751
CSHT_3228,attack,0.9992
CSHT_3229,attack,0.9992
CSHT_3230,attack,0.9822
CSHT_3231,normal,0.7016
CSHT_3232,attack,0.9992
CSHT_3233,attack,0.9905
CSHT_3234,attack,0.9421
CSHT_3235,attack,0.9992
CSHT_3236,attack,0.9863
CSHT_3237,attack,0.9992
CSHT_3238,attack,0.9784
CSHT_3239,attack,0.9992
CSHT_3240,attack,0.983
CSHT_3241,attack,0.66
CSHT_3242,attack,0.8626
CSHT_3243,attack,0.9771
CSHT_3244,normal,0.5784
CSHT_3245,attack,0.9891
CSHT_3246,attack,0.9992
CSHT_3247,attack,0.999
CSHT_3248,attack,0.9992
CSHT_3249,attack,0.9992
CSHT_3250,attack,0.9907
CSHT_3251,attack,0.6558
CSHT_3252,attack,0.9992
CSHT_3253,attack,0.9992
CSHT_3254,normal,0.6001
CSHT_3255,attack,0.9992
CSHT_3256,attack,0.9992
CSHT_3257,attack,0.7722
CSHT_3258,attack,0.9992
CSHT_3259,attack,0.9992
CSHT_3260,attack,0.9792
CSHT_3261,attack,0.6515
CSHT_3262,attack,0.9536
CSHT_3263,attack,0.8837
CSHT_3264,attack,0.9992
CSHT_3265,attack,0.9992
CSHT_3266,attack,0.9992
CSHT_3267,attack,0.9027
CSHT_3268,attack,0.9992
CSHT_3269,attack,0.9779
CSHT_3270,attack,0.9829
CSHT_3271,normal,0.8718
CSHT_3272,attack,0.9899
CSHT_3273,attack,0.8962
CSHT_3274,attack,0.9233
CSHT_3275,attack,0.9945
CSHT_3276,attack,0.9511
CSHT_3277,attack,0.9024
CSHT_3278,attack,0.9371
CSHT_3279,attack,0.9992
CSHT_3280,attack,0.9444
CSHT_3281,attack,0.841
CSHT_3282,attack,0.9992
CSHT_3283,attack,0.9992
CSHT_3284,attack,0.9809
CSHT_3285,attack,0.9992
CSHT_3286,attack,0.9896
CSHT_3287,attack,0.9977
CSHT_3288,attack,0.9992
CSHT_3289,attack,0.9992
CSHT_3290,attack,0.9449
CSHT_3291,attack,0.8817
CSHT_3292,attack,0.9992
CSHT_3293,attack,0.98
CSHT_3294,attack,0.6448
CSHT_3295,attack,0.9992
CSHT_3296,attack,0.9036
CSHT_3297,attack,0.9992
CSHT_3298,attack,0.9992
CSHT_3299,attack,0.9992
CSHT_3300,attack,0.8269
CSHT_3301,attack,0.696
CSHT_3302,attack,0.9992
CSHT_3303,attack,0.8006
CSHT_3304,attack,0.9935
CSHT_3305,attack,0.9842
CSHT_3306,attack,0.9922
CSHT_3307,attack,0.9992
CSHT_3308,attack,0.9992
CSHT_3309,attack,0.9992
CSHT_3310,attack,0.9992
CSHT_3311,normal,0.8798
CSHT_3312,attack,0.978
CSHT_3313,attack,0.961
CSHT_3314,attack,0.7745
CSHT_3315,attack,0.9992
CSHT_3316,attack,0.9195
CSHT_3317,attack,0.6181
CSHT_3318,attack,0.9791
CSHT_3319,attack,0.9771
CSHT_3320,attack,0.9992
CSHT_3321,attack,0.5286
CSHT_3322,attack,0.9992
CSHT_3323,attack,0.8841
CSHT_3324,normal,0.8346
CSHT_3325,attack,0.9992
CSHT_3326,attack,0.967
CSHT_3327,attack,0.9394
CSHT_3328,attack,0.98
CSHT_3329,attack,0.988
CSHT_3330,attack,0.9454
CSHT_3331,attack,0.9238
CSHT_3332,attack,0.9039
CSHT_3333,attack,0.9411
CSHT_3334,attack,0.7618
CSHT_3335,attack,0.9992
CSHT_3336,attack,0.9123
CSHT_3337,attack,0.7611
CSHT_3338,attack,0.9841
CSHT_3339,attack,0.9946
CSHT_3340,attack,0.9556
CSHT_3341,normal,0.9614
CSHT_3342,attack,0.8081
CSHT_3343,attack,0.8078
CSHT_3344,attack,0.9939
CSHT_3345,attack,0.9992
CSHT_3346,attack,0.959
CSHT_3347,attack,0.9755
CSHT_3348,attack,0.9992
CSHT_3349,attack,0.9992
CSHT_3350,attack,0.9397
CSHT_3351,normal,0.7841
CSHT_3352,attack,0.9992
CSHT_3353,attack,0.9992
CSHT_3354,attack,0.8063
CSHT_3355,attack,0.9992
CSHT_3356,attack,0.9429
CSHT_3357,attack,0.8065
CSHT_3358,attack,0.9992
CSHT_3359,attack,0.9992
CSHT_3360,attack,0.9464
CSHT_3361,normal,0.6139
CSHT_3362,attack,0.9992
CSHT_3363,attack,0.9275
CSHT_3364,attack,0.7472
CSHT_3365,attack,0.9992
CSHT_3366,attack,0.8508
CSHT_3367,attack,0.664
CSHT_3368,attack,0.9992
CSHT_3369,attack,0.9992
CSHT_3370,attack,0.9829
CSHT_3371,attack,0.9986
CSHT_3372,attack,0.9992
CSHT_3373,attack,0.9992
CSHT_3374,normal,0.6753
CSHT_3375,attack,0.9992
CSHT_3376,attack,0.9792
CSHT_3377,attack,0.979
CSHT_3378,attack,0.9992
CSHT_3379,attack,0.9992
CSHT_3380,attack,0.9717
CSHT_3381,attack,0.7218
CSHT_3382,attack,0.9558
CSHT_3383,attack,0.9494
CSHT_3384,attack,0.8781
CSHT_3385,attack,0.9992
CSHT_3386,attack,0.9992
CSHT_3387,attack,0.9906
CSHT_3388,attack,0.9992
CSHT_3389,attack,0.8541
CSHT_3390,attack,0.9293
CSHT_3391,attack,0.9984
CSHT_3392,attack,0.979
CSHT_3393,attack,0.9992
CSHT_3394,attack,0.8835
CSHT_3395,attack,0.9992
CSHT_3396,attack,0.9875
CSHT_3397,attack,0.8293
CSHT_3398,attack,0.9992
CSHT_3399,attack,0.9992
CSHT_3400,attack,0.9992
CSHT_3401,attack,0.9088
CSHT_3402,attack,0.9992
CSHT_3403,attack,0.7839
CSHT_3404,attack,0.8003
CSHT_3405,attack,0.9992
CSHT_3406,attack,0.9992
CSHT_3407,attack,0.6609
CSHT_3408,attack,0.9992
CSHT_3409,attack,0.8862
CSHT_3410,attack,0.7754
CSHT_3411,normal,0.9621
CSHT_3412,attack,0.9283
CSHT_3413,attack,0.9992
CSHT_3414,attack,0.7005
CSHT_3415,attack,0.9992
CSHT_3416,attack,0.9927
CSHT_3417,attack,0.7743
CSHT_3418,attack,0.9992
CSHT_3419,attack,0.9992
CSHT_3420,attack,0.9772
CSHT_3421,attack,0.9616
CSHT_3422,attack,0.9992
CSHT_3423,attack,0.9992
CSHT_3424,attack,0.7975
CSHT_3425,attack,0.9992
CSHT_3426,attack,0.9992
CSHT_3427,attack,0.9397
CSHT_3428,attack,0.9992
CSHT_3429,attack,0.6477
CSHT_3430,attack,0.9542
CSHT_3431,attack,0.5076
CSHT_3432,attack,0.9836
CSHT_3433,attack,0.9992
CSHT_3434,attack,0.999
CSHT_3435,attack,0.9518
CSHT_3436,attack,0.7763
CSHT_3437,attack,0.8713
CSHT_3438,attack,0.9992
CSHT_3439,attack,0.9992
CSHT_3440,attack,0.9432
CSHT_3441,attack,0.6513
CSHT_3442,attack,0.9992
CSHT_3443,attack,0.952
CSHT_3444,attack,0.7844
CSHT_3445,attack,0.9992
CSHT_3446,attack,0.9992
CSHT_3447,attack,0.8523
CSHT_3448,attack,0.9329
CSHT_3449,attack,0.9992
CSHT_3450,attack,0.6757
CSHT_3451,attack,0.9992
CSHT_3452,attack,0.9992
CSHT_3453,attack,0.9026
CSHT_3454,attack,0.6946
CSHT_3455,attack,0.9992
CSHT_3456,attack,0.9992
CSHT_3457,attack,0.9992
CSHT_3458,attack,0.9992
CSHT_3459,attack,0.9531
CSHT_3460,attack,0.9992
CSHT_3461,attack,0.7917
CSHT_3462,attack,0.9732
CSHT_3463,attack,0.9932
CSHT_3464,attack,0.9437
CSHT_3465,attack,0.9992
CSHT_3466,attack,0.9618
CSHT_3467,attack,0.9992
CSHT_3468,attack,0.9992
CSHT_3469,attack,0.9992
CSHT_3470,attack,0.9707
CSHT_3471,normal,0.8002
CSHT_3472,attack,0.9992
CSHT_3473,attack,0.9992
CSHT_3474,attack,0.9755
CSHT_3475,attack,0.9992
CSHT_3476,attack,0.9991
CSHT_3477,attack,0.9686
CSHT_3478,attack,0.9992
CSHT_3479,attack,0.9992
CSHT_3480,attack,0.9992
CSHT_3481,attack,0.905
CSHT_3482,attack,0.9992
CSHT_3483,attack,0.9992
CSHT_3484,attack,0.7005
CSHT_3485,attack,0.9992
CSHT_3486,attack,0.934
CSHT_3487,attack,0.9992
CSHT_3488,attack,0.9992
CSHT_3489,attack,0.9992
CSHT_3490,attack,0.9992
CSHT_3491,attack,0.9037
CSHT_3492,attack,0.9992
CSHT_3493,attack,0.9178
CSHT_3494,normal,0.6441
CSHT_3495,attack,0.9992
CSHT_3496,attack,0.9992
CSHT_3497,attack,0.5998
CSHT_3498,attack,0.9992
CSHT_3499,attack,0.9992
CSHT_3500,attack,0.9782
CSHT_3501,normal,0.9591
CSHT_3502,attack,0.8166
CSHT_3503,attack,0.9933
CSHT_3504,attack,0.9439
CSHT_3505,attack,0.9252
CSHT_3506,attack,0.9992
CSHT_3507,attack,0.9403
CSHT_3508,attack,0.9992
CSHT_3509,attack,0.9992
CSHT_3510,attack,0.9548
CSHT_3511,normal,0.6091
CSHT_3512,attack,0.9992
CSHT_3513,attack,0.9671
CSHT_3514,attack,0.9809
CSHT_3515,attack,0.9992
CSHT_3516,attack,0.9992
CSHT_3517,attack,0.9992
CSHT_3518,attack,0.9992
CSHT_3519,attack,0.9871
CSHT_3520,attack,0.9992
CSHT_3521,attack,0.7694
CSHT_3522,attack,0.9992
CSHT_3523,attack,0.9824
CSHT_3524,normal,0.6757
CSHT_3525,attack,0.9579
CSHT_3526,attack,0.9992
CSHT_3527,attack,0.987
CSHT_3528,attack,0.9992
CSHT_3529,attack,0.9992
CSHT_3530,attack,0.9774
CSHT_3531,attack,0.8869
CSHT_3532,attack,0.9992
CSHT_3533,attack,0.5113
CSHT_3534,attack,0.9889
CSHT_3535,attack,0.9992
CSHT_3536,attack,0.9992
CSHT_3537,attack,0.9992
CSHT_3538,attack,0.9992
CSHT_3539,attack,0.9992
CSHT_3540,attack,0.7901
CSHT_3541,attack,0.9978
CSHT_3542,attack,0.9992
CSHT_3543,attack,0.9873
CSHT_3544,attack,0.9743
CSHT_3545,attack,0.9992
CSHT_3546,attack,0.9992
CSHT_3547,attack,0.6771
CSHT_3548,attack,0.9772
CSHT_3549,attack,0.9992
CSHT_3550,attack,0.9992
CSHT_3551,attack,0.5606
CSHT_3552,attack,0.9992
CSHT_3553,attack,0.9992
CSHT_3554,attack,0.6553
CSHT_3555,attack,0.9992
CSHT_3556,attack,0.9992
CSHT_3557,attack,0.9613
CSHT_3558,attack,0.9992
CSHT_3559,attack,0.9942
CSHT_3560,attack,0.9992
CSHT_3561,attack,0.9473
CSHT_3562,attack,0.9992
CSHT_3563,attack,0.8559
CSHT_3564,attack,0.8421
CSHT_3565,attack,0.9899
CSHT_3566,attack,0.9992
CSHT_3567,attack,0.636
CSHT_3568,attack,0.8671
CSHT_3569,attack,0.9992
CSHT_3570,attack,0.9904
CSHT_3571,normal,0.588
CSHT_3572,attack,0.9992
CSHT_3573,attack,0.9992
CSHT_3574,attack,0.7896
CSHT_3575,attack,0.9992
CSHT_3576,attack,0.8412
CSHT_3577,attack,0.767
CSHT_3578,attack,0.9992
CSHT_3579,attack,0.9992
CSHT_3580,attack,0.9266
CSHT_3581,attack,0.5934
CSHT_3582,attack,0.9992
CSHT_3583,attack,0.9992
CSHT_3584,attack,0.9911
CSHT_3585,attack,0.9899
CSHT_3586,attack,0.9916
CSHT_3587,normal,0.6051
CSHT_3588,attack,0.9992
CSHT_3589,attack,0.981
CSHT_3590,attack,0.7744
CSHT_3591,attack,0.9023
CSHT_3592,attack,0.9918
CSHT_3593,attack,0.969
CSHT_3594,attack,0.644
CSHT_3595,attack,0.9938
CSHT_3596,attack,0.932
CSHT_3597,attack,0.9992
CSHT_3598,attack,0.9992
CSHT_3599,attack,0.8029
CSHT_3600,attack,0.96
CSHT_3601,attack,0.9891
CSHT_3602,attack,0.9992
CSHT_3603,attack,0.9992
CSHT_3604,attack,0.9112
CSHT_3605,attack,0.9608
CSHT_3606,attack,0.9992
CSHT_3607,attack,0.8721
CSHT_3608,attack,0.9861
CSHT_3609,attack,0.9484
CSHT_3610,attack,0.957
CSHT_3611,attack,0.6205
CSHT_3612,attack,0.9992
CSHT_3613,attack,0.9757
CSHT_3614,attack,0.962
CSHT_3615,attack,0.9992
CSHT_3616,attack,0.9575
CSHT_3617,attack,0.8771
CSHT_3618,attack,0.9508
CSHT_3619,attack,0.9792
CSHT_3620,attack,0.9992
CSHT_3621,normal,0.5706
CSHT_3622,attack,0.9551
CSHT_3623,attack,0.9014
CSHT_3624,normal,0.5387
CSHT_3625,attack,0.9782
CSHT_3626,attack,0.927
CSHT_3627,attack,0.5657
CSHT_3628,attack,0.9992
CSHT_3629,attack,0.9992
CSHT_3630,attack,0.9183
CSHT_3631,attack,0.532
CSHT_3632,attack,0.9992
CSHT_3633,attack,0.953
CSHT_3634,attack,0.8858
CSHT_3635,attack,0.9992
CSHT_3636,attack,0.9531
CSHT_3637,attack,0.806
CSHT_3638,attack,0.9992
CSHT_3639,attack,0.9786
CSHT_3640,attack,0.915
CSHT_3641,attack,0.9984
CSHT_3642,attack,0.9992
CSHT_3643,attack,0.9431
CSHT_3644,attack,0.9074
CSHT_3645,attack,0.9992
CSHT_3646,attack,0.9992
CSHT_3647,attack,0.7234
CSHT_3648,attack,0.9992
CSHT_3649,attack,0.9606
CSHT_3650,attack,0.9795
CSHT_3651,attack,0.9428
CSHT_3652,attack,0.9296
CSHT_3653,attack,0.9926
CSHT_3654,attack,0.88
CSHT_3655,attack,0.9126
CSHT_3656,attack,0.8549
CSHT_3657,attack,0.8037
CSHT_3658,attack,0.9992
CSHT_3659,attack,0.9401
CSHT_3660,attack,0.9992
CSHT_3661,attack,0.8078
CSHT_3662,attack,0.9815
CSHT_3663,attack,0.9992
CSHT_3664,attack,0.7277
CSHT_3665,attack,0.9992
CSHT_3666,attack,0.9992
CSHT_3667,attack,0.8017
CSHT_3668,attack,0.9992
CSHT_3669,attack,0.9992
CSHT_3670,attack,0.9992
CSHT_3671,attack,0.9076
CSHT_3672,attack,0.9992
CSHT_3673,attack,0.9791
CSHT_3674,attack,0.5816
CSHT_3675,attack,0.9873
CSHT_3676,attack,0.9442
CSHT_3677,attack,0.7538
CSHT_3678,attack,0.9992
CSHT_3679,attack,0.9789
CSHT_3680,attack,0.8679
CSHT_3681,attack,0.9748
CSHT_3682,attack,0.9992
CSHT_3683,attack,0.9746
CSHT_3684,attack,0.7432
CSHT_3685,attack,0.9992
CSHT_3686,attack,0.8503
CSHT_3687,attack,0.9803
CSHT_3688,attack,0.9992
CSHT_3689,attack,0.9698
CSHT_3690,attack,0.9249
CSHT_3691,attack,0.8526
CSHT_3692,attack,0.9992
CSHT_3693,attack,0.9992
CSHT_3694,attack,0.5622
CSHT_3695,attack,0.9719
CSHT_3696,attack,0.9919
CSHT_3697,attack,0.922
CSHT_3698,attack,0.9992
CSHT_3699,attack,0.8917
CSHT_3700,attack,0.9263
CSHT_3701,attack,0.542
CSHT_3702,attack,0.9877
CSHT_3703,attack,0.8655
CSHT_3704,attack,0.8802
CSHT_3705,attack,0.9848
CSHT_3706,attack,0.9428
CSHT_3707,attack,0.9549
CSHT_3708,attack,0.9992
CSHT_3709,attack,0.9792
CSHT_3710,attack,0.9991
CSHT_3711,normal,0.5145
CSHT_3712,attack,0.9393
CSHT_3713,attack,0.9992
CSHT_3714,normal,0.6609
CSHT_3715,attack,0.9861
CSHT_3716,attack,0.9727
CSHT_3717,attack,0.9875
CSHT_3718,attack,0.9777
CSHT_3719,attack,0.9992
CSHT_3720,attack,0.991
CSHT_3721,attack,0.9495
CSHT_3722,attack,0.9992
CSHT_3723,attack,0.9992
CSHT_3724,attack,0.6254
CSHT_3725,attack,0.9992
CSHT_3726,attack,0.9576
CSHT_3727,attack,0.9686
CSHT_3728,attack,0.9957
CSHT_3729,attack,0.9342
CSHT_3730,attack,0.9634
CSHT_3731,attack,0.6042
CSHT_3732,attack,0.9992
CSHT_3733,attack,0.9587
CSHT_3734,attack,0.8853
CSHT_3735,attack,0.9992
CSHT_3736,attack,0.993
CSHT_3737,attack,0.6679
CSHT_3738,attack,0.9992
CSHT_3739,attack,0.9992
CSHT_3740,attack,0.9779
CSHT_3741,attack,0.5047
CSHT_3742,attack,0.9992
CSHT_3743,attack,0.9992
CSHT_3744,attack,0.9524
CSHT_3745,attack,0.9945
CSHT_3746,attack,0.9992
CSHT_3747,attack,0.7002
CSHT_3748,attack,0.9519
CSHT_3749,attack,0.9992
CSHT_3750,attack,0.9347
CSHT_3751,normal,0.9308
CSHT_3752,attack,0.981
CSHT_3753,attack,0.9992
CSHT_3754,attack,0.7143
CSHT_3755,attack,0.9992
CSHT_3756,attack,0.9992
CSHT_3757,attack,0.9148
CSHT_3758,attack,0.9938
CSHT_3759,attack,0.9908
CSHT_3760,attack,0.9572
CSHT_3761,attack,0.9936
CSHT_3762,attack,0.9992
CSHT_3763,attack,0.9992
CSHT_3764,attack,0.9029
CSHT_3765,attack,0.9895
CSHT_3766,attack,0.9598
CSHT_3767,attack,0.9869
CSHT_3768,attack,0.9992
CSHT_3769,attack,0.8713
CSHT_3770,attack,0.8726
CSHT_3771,attack,0.8428
CSHT_3772,attack,0.9992
CSHT_3773,attack,0.9992
CSHT_3774,attack,0.7262
CSHT_3775,attack,0.9992
CSHT_3776,attack,0.9463
CSHT_3777,attack,0.9563
CSHT_3778,attack,0.991
CSHT_3779,attack,0.9992
CSHT_3780,attack,0.9782
CSHT_3781,attack,0.7727
CSHT_3782,attack,0.9992
CSHT_3783,attack,0.9992
CSHT_3784,attack,0.5348
CSHT_3785,attack,0.9946
CSHT_3786,attack,0.9992
CSHT_3787,attack,0.9703
CSHT_3788,attack,0.9992
CSHT_3789,attack,0.9958
CSHT_3790,attack,0.9416
CSHT_3791,attack,0.9642
CSHT_3792,attack,0.9715
CSHT_3793,attack,0.6785
CSHT_3794,attack,0.9899
CSHT_3795,attack,0.9992
CSHT_3796,attack,0.9775
CSHT_3797,attack,0.502
CSHT_3798,attack,0.9992
CSHT_3799,attack,0.9992
CSHT_3800,attack,0.9992
CSHT_3801,normal,0.6104
CSHT_3802,attack,0.9992
CSHT_3803,attack,0.8721
CSHT_3804,attack,0.9192
CSHT_3805,attack,0.9992
CSHT_3806,attack,0.9992
CSHT_3807,attack,0.8079
CSHT_3808,attack,0.983
CSHT_3809,attack,0.9992
CSHT_3810,attack,0.9536
CSHT_3811,attack,0.8948
CSHT_3812,attack,0.9992
CSHT_3813,attack,0.9208
CSHT_3814,attack,0.9099
CSHT_3815,attack,0.9909
CSHT_3816,attack,0.984
CSHT_3817,attack,0.7156
CSHT_3818,attack,0.9992
CSHT_3819,attack,0.9992
CSHT_3820,attack,0.9547
CSHT_3821,normal,0.5716
CSHT_3822,attack,0.9628
CSHT_3823,attack,0.9992
CSHT_3824,attack,0.5341
CSHT_3825,attack,0.9992
CSHT_3826,attack,0.8264
CSHT_3827,attack,0.9138
CSHT_3828,attack,0.9992
CSHT_3829,attack,0.978
CSHT_3830,attack,0.9901
CSHT_3831,attack,0.9983
CSHT_3832,attack,0.9992
CSHT_3833,attack,0.9992
CSHT_3834,normal,0.5284
CSHT_3835,attack,0.9992
CSHT_3836,attack,0.9992
CSHT_3837,attack,0.7685
CSHT_3838,attack,0.9992
CSHT_3839,attack,0.9992
CSHT_3840,attack,0.9992
CSHT_3841,attack,0.5311
CSHT_3842,attack,0.9992
CSHT_3843,attack,0.9816
CSHT_3844,attack,0.999
CSHT_3845,attack,0.9992
CSHT_3846,attack,0.9992
CSHT_3847,attack,0.8296
CSHT_3848,attack,0.9992
CSHT_3849,attack,0.9992
CSHT_3850,attack,0.9753
CSHT_3851,attack,0.5764
CSHT_3852,attack,0.9885
CSHT_3853,attack,0.9992
CSHT_3854,attack,0.8238
CSHT_3855,attack,0.9992
CSHT_3856,attack,0.8697
CSHT_3857,attack,0.9526
CSHT_3858,attack,0.9992
CSHT_3859,attack,0.8916
CSHT_3860,attack,0.9992
CSHT_3861,normal,0.9711
CSHT_3862,attack,0.9478
CSHT_3863,attack,0.9992
CSHT_3864,attack,0.8231
CSHT_3865,attack,0.9992
CSHT_3866,attack,0.9992
CSHT_3867,attack,0.95
CSHT_3868,attack,0.9992
CSHT_3869,attack,0.9362
CSHT_3870,attack,0.9405
CSHT_3871,attack,0.9659
CSHT_3872,attack,0.9992
CSHT_3873,attack,0.8855
CSHT_3874,attack,0.8622
CSHT_3875,attack,0.9992
CSHT_3876,attack,0.9943
CSHT_3877,attack,0.9992
CSHT_3878,attack,0.9992
CSHT_3879,attack,0.9833
CSHT_3880,attack,0.7787
CSHT_3881,normal,0.8499
CSHT_3882,attack,0.589
CSHT_3883,attack,0.9845
CSHT_3884,attack,0.9867
CSHT_3885,attack,0.9978
CSHT_3886,attack,0.9412
CSHT_3887,attack,0.9604
CSHT_3888,attack,0.9992
CSHT_3889,attack,0.9882
CSHT_3890,attack,0.9713
CSHT_3891,normal,0.5388
CSHT_3892,attack,0.9992
CSHT_3893,attack,0.9749
CSHT_3894,attack,0.9992
CSHT_3895,attack,0.9992
CSHT_3896,attack,0.8986
CSHT_3897,normal,0.5111
CSHT_3898,attack,0.9992
CSHT_3899,attack,0.9992
CSHT_3900,attack,0.7548
CSHT_3901,attack,0.9992
CSHT_3902,attack,0.9992
CSHT_3903,attack,0.9491
CSHT_3904,attack,0.9562
CSHT_3905,attack,0.9992
CSHT_3906,attack,0.8665
CSHT_3907,attack,0.9124
CSHT_3908,attack,0.9992
CSHT_3909,attack,0.9992
CSHT_3910,attack,0.8975
CSHT_3911,attack,0.9927
CSHT_3912,attack,0.9992
CSHT_3913,attack,0.9992
CSHT_3914,attack,0.964
CSHT_3915,attack,0.9992
CSHT_3916,attack,0.9992
CSHT_3917,attack,0.9539
CSHT_3918,attack,0.9992
CSHT_3919,attack,0.9939
CSHT_3920,attack,0.9992
CSHT_3921,normal,0.6475
CSHT_3922,attack,0.996
CSHT_3923,attack,0.9735
CSHT_3924,attack,0.5201
CSHT_3925,attack,0.9992
CSHT_3926,attack,0.9992
CSHT_3927,attack,0.9992
CSHT_3928,attack,0.9887
CSHT_3929,attack,0.9748
CSHT_3930,attack,0.879
CSHT_3931,normal,0.5552
CSHT_3932,attack,0.9992
CSHT_3933,attack,0.9611
CSHT_3934,normal,0.5572
CSHT_3935,attack,0.961
CSHT_3936,attack,0.9992
CSHT_3937,attack,0.9992
CSHT_3938,attack,0.9483
CSHT_3939,attack,0.9418
CSHT_3940,attack,0.9293
CSHT_3941,attack,0.8267
CSHT_3942,attack,0.9992
CSHT_3943,attack,0.9212
CSHT_3944,attack,0.7174
CSHT_3945,attack,0.9992
CSHT_3946,attack,0.9992
CSHT_3947,normal,0.7177
CSHT_3948,attack,0.9673
CSHT_3949,attack,0.9934
CSHT_3950,attack,0.9569
CSHT_3951,attack,0.6598
CSHT_3952,attack,0.9992
CSHT_3953,attack,0.9987
CSHT_3954,normal,0.5949
CSHT_3955,attack,0.9803
CSHT_3956,attack,0.9992
CSHT_3957,attack,0.8516
CSHT_3958,attack,0.9992
CSHT_3959,attack,0.9992
CSHT_3960,attack,0.9899
CSHT_3961,attack,0.9133
CSHT_3962,attack,0.9939
CSHT_3963,attack,0.9992
CSHT_3964,attack,0.9992
CSHT_3965,attack,0.9992
CSHT_3966,attack,0.9871
CSHT_3967,attack,0.9992
CSHT_3968,attack,0.9992
CSHT_3969,attack,0.97
CSHT_3970,attack,0.9756
CSHT_3971,attack,0.9482
CSHT_3972,attack,0.9956
CSHT_3973,attack,0.9992
CSHT_3974,attack,0.9795
CSHT_3975,attack,0.9814
CSHT_3976,attack,0.8446
CSHT_3977,attack,0.8505
CSHT_3978,attack,0.9992
CSHT_3979,attack,0.9844
CSHT_3980,attack,0.9783
CSHT_3981,normal,0.6673
CSHT_3982,attack,0.9513
CSHT_3983,attack,0.9992
CSHT_3984,attack,0.8356
CSHT_3985,attack,0.9992
CSHT_3986,attack,0.8822
CSHT_3987,attack,0.553
CSHT_3988,attack,0.9992
CSHT_3989,attack,0.9518
CSHT_3990,attack,0.9789
CSHT_3991,normal,0.9673
CSHT_3992,attack,0.9419
CSHT_3993,attack,0.8439
CSHT_3994,attack,0.9767
CSHT_3995,attack,0.9992
CSHT_3996,attack,0.9879
CSHT_3997,attack,0.9992
CSHT_3998,attack,0.9992
CSHT_3999,attack,0.9933
CSHT_4000,attack,0.9814
CSHT_4001,attack,0.999
CSHT_4002,attack,0.9934
CSHT_4003,attack,0.952
CSHT_4004,attack,0.9992
CSHT_4005,attack,0.9849
CSHT_4006,attack,0.9992
CSHT_4007,attack,0.9126
CSHT_4008,attack,0.9992
CSHT_4009,attack,0.9793
CSHT_4010,attack,0.9992
CSHT_4011,attack,0.9181
CSHT_4012,attack,0.9992
CSHT_4013,attack,0.9949
CSHT_4014,attack,0.5939
CSHT_4015,attack,0.9992
CSHT_4016,attack,0.9992
CSHT_4017,attack,0.6225
CSHT_4018,attack,0.9992
CSHT_4019,attack,0.9992
CSHT_4020,attack,0.9992
CSHT_4021,normal,0.6431
CSHT_4022,attack,0.9969
CSHT_4023,attack,0.9701
CSHT_4024,normal,0.7968
CSHT_4025,attack,0.9992
CSHT_4026,attack,0.9992
CSHT_4027,attack,0.5721
CSHT_4028,attack,0.9992
CSHT_4029,attack,0.9992
CSHT_4030,attack,0.974
CSHT_4031,normal,0.5143
CSHT_4032,attack,0.9992
CSHT_4033,attack,0.9891
CSHT_4034,attack,0.8892
CSHT_4035,attack,0.9992
CSHT_4036,attack,0.9385
CSHT_4037,attack,0.9755
CSHT_4038,attack,0.9806
CSHT_4039,attack,0.9992
CSHT_4040,attack,0.7763
CSHT_4041,attack,0.9053
CSHT_4042,attack,0.9837
CSHT_4043,attack,0.9704
CSHT_4044,normal,0.6065
CSHT_4045,attack,0.9992
CSHT_4046,attack,0.9835
CSHT_4047,attack,0.7206
CSHT_4048,attack,0.9992
CSHT_4049,attack,0.9992
CSHT_4050,attack,0.8682
CSHT_4051,normal,0.9671
CSHT_4052,attack,0.9992
CSHT_4053,attack,0.9637
CSHT_4054,normal,0.5542
CSHT_4055,attack,0.9992
CSHT_4056,attack,0.9992
CSHT_4057,attack,0.9992
CSHT_4058,attack,0.9887
CSHT_4059,attack,0.9992
CSHT_4060,attack,0.9187
CSHT_4061,attack,0.5298
CSHT_4062,attack,0.9849
CSHT_4063,attack,0.9992
CSHT_4064,attack,0.8474
CSHT_4065,attack,0.9992
CSHT_4066,attack,0.9992
CSHT_4067,attack,0.9568
CSHT_4068,attack,0.9992
CSHT_4069,attack,0.9992
CSHT_4070,attack,0.9595
CSHT_4071,attack,0.9514
CSHT_4072,attack,0.9992
CSHT_4073,attack,0.9992
CSHT_4074,attack,0.9933
CSHT_4075,attack,0.8778
CSHT_4076,attack,0.9323
CSHT_4077,attack,0.9716
CSHT_4078,attack,0.9992
CSHT_4079,attack,0.9934
CSHT_4080,attack,0.7673
CSHT_4081,normal,0.96
CSHT_4082,attack,0.9938
CSHT_4083,attack,0.7763
CSHT_4084,attack,0.9594
CSHT_4085,attack,0.9873
CSHT_4086,attack,0.8346
CSHT_4087,attack,0.9875
CSHT_4088,attack,0.9992
CSHT_4089,attack,0.9992
CSHT_4090,attack,0.9454
CSHT_4091,normal,0.6862
CSHT_4092,attack,0.9992
CSHT_4093,attack,0.9992
CSHT_4094,attack,0.7371
CSHT_4095,attack,0.9992
CSHT_4096,attack,0.999
CSHT_4097,attack,0.7364
CSHT_4098,attack,0.9992
CSHT_4099,attack,0.9992
CSHT_4100,attack,0.9992
CSHT_4101,attack,0.8749
CSHT_4102,attack,0.9992
CSHT_4103,attack,0.8861
CSHT_4104,attack,0.7201
CSHT_4105,attack,0.9992
CSHT_4106,attack,0.9665
CSHT_4107,attack,0.9632
CSHT_4108,attack,0.6834
CSHT_4109,attack,0.9992
CSHT_4110,attack,0.9992
CSHT_4111,normal,0.6504
CSHT_4112,attack,0.9992
CSHT_4113,attack,0.9992
CSHT_4114,attack,0.8746
CSHT_4115,attack,0.9758
CSHT_4116,attack,0.9373
CSHT_4117,attack,0.9524
CSHT_4118,attack,0.9793
CSHT_4119,attack,0.9186
CSHT_4120,attack,0.6134
CSHT_4121,attack,0.581
CSHT_4122,attack,0.9992
CSHT_4123,attack,0.9992
CSHT_4124,attack,0.999
CSHT_4125,attack,0.9702
CSHT_4126,attack,0.9992
CSHT_4127,attack,0.9628
CSHT_4128,attack,0.9935
CSHT_4129,attack,0.9992
CSHT_4130,attack,0.7762
CSHT_4131,attack,0.9259
CSHT_4132,attack,0.9992
CSHT_4133,attack,0.8573
CSHT_4134,attack,0.8852
CSHT_4135,attack,0.9834
CSHT_4136,attack,0.9357
CSHT_4137,attack,0.9282
CSHT_4138,attack,0.9992
CSHT_4139,attack,0.9928
CSHT_4140,attack,0.993
CSHT_4141,attack,0.9857
CSHT_4142,attack,0.9992
CSHT_4143,attack,0.9967
CSHT_4144,attack,0.8997
CSHT_4145,attack,0.9801
CSHT_4146,attack,0.9763
CSHT_4147,attack,0.7782
CSHT_4148,attack,0.9992
CSHT_4149,attack,0.9876
CSHT_4150,attack,0.9542
CSHT_4151,normal,0.9239
CSHT_4152,attack,0.9992
CSHT_4153,attack,0.9992
CSHT_4154,attack,0.5423
CSHT_4155,attack,0.9898
CSHT_4156,attack,0.9992
CSHT_4157,attack,0.945
CSHT_4158,attack,0.9992
CSHT_4159,attack,0.9992
CSHT_4160,attack,0.9462
CSHT_4161,attack,0.6391
CSHT_4162,attack,0.9992
CSHT_4163,attack,0.9794
CSHT_4164,normal,0.6365
CSHT_4165,attack,0.9756
CSHT_4166,attack,0.953
CSHT_4167,attack,0.9992
CSHT_4168,attack,0.9884
CSHT_4169,attack,0.9783
CSHT_4170,attack,0.9992
CSHT_4171,attack,0.9847
CSHT_4172,attack,0.9868
CSHT_4173,attack,0.9914
CSHT_4174,attack,0.9482
CSHT_4175,attack,0.9992
CSHT_4176,attack,0.9992
CSHT_4177,attack,0.9946
CSHT_4178,attack,0.9992
CSHT_4179,attack,0.9945
CSHT_4180,attack,0.9491
CSHT_4181,attack,0.8547
CSHT_4182,attack,0.9932
CSHT_4183,attack,0.9992
CSHT_4184,attack,0.7111
CSHT_4185,attack,0.9863
CSHT_4186,attack,0.9992
CSHT_4187,attack,0.9782
CSHT_4188,attack,0.9992
CSHT_4189,attack,0.9992
CSHT_4190,attack,0.9475
CSHT_4191,attack,0.8798
CSHT_4192,attack,0.9992
CSHT_4193,attack,0.9992
CSHT_4194,attack,0.9992
CSHT_4195,attack,0.9992
CSHT_4196,attack,0.9455
CSHT_4197,attack,0.6935
CSHT_4198,attack,0.9992
CSHT_4199,attack,0.9992
CSHT_4200,attack,0.9097
CSHT_4201,attack,0.812
CSHT_4202,attack,0.9992
CSHT_4203,attack,0.9992
CSHT_4204,normal,0.6709
CSHT_4205,attack,0.9992
CSHT_4206,attack,0.8084
CSHT_4207,attack,0.914
CSHT_4208,attack,0.7995
CSHT_4209,attack,0.9819
CSHT_4210,attack,0.9818
CSHT_4211,attack,0.9847
CSHT_4212,attack,0.9992
CSHT_4213,attack,0.9992
CSHT_4214,attack,0.9862
CSHT_4215,attack,0.9992
CSHT_4216,attack,0.9992
CSHT_4217,attack,0.999
CSHT_4218,attack,0.9992
CSHT_4219,attack,0.9672
CSHT_4220,attack,0.9426
CSHT_4221,attack,0.7515
CSHT_4222,attack,0.9869
CSHT_4223,attack,0.8896
CSHT_4224,attack,0.8095
CSHT_4225,attack,0.9908
CSHT_4226,attack,0.9992
CSHT_4227,attack,0.9991
CSHT_4228,attack,0.9992
CSHT_4229,attack,0.9992
CSHT_4230,attack,0.8419
CSHT_4231,attack,0.9983
CSHT_4232,attack,0.99
CSHT_4233,attack,0.9618
CSHT_4234,attack,0.977
CSHT_4235,attack,0.9992
CSHT_4236,attack,0.9992
CSHT_4237,attack,0.9701
CSHT_4238,attack,0.9738
CSHT_4239,attack,0.9865
CSHT_4240,attack,0.9209
CSHT_4241,attack,0.6694
CSHT_4242,attack,0.9641
CSHT_4243,attack,0.7861
CSHT_4244,attack,0.9299
CSHT_4245,attack,0.9992
CSHT_4246,attack,0.9992
CSHT_4247,attack,0.8314
CSHT_4248,attack,0.9992
CSHT_4249,attack,0.9992
CSHT_4250,attack,0.9467
CSHT_4251,attack,0.9992
CSHT_4252,attack,0.9992
CSHT_4253,attack,0.9685
CSHT_4254,attack,0.5936
CSHT_4255,attack,0.9992
CSHT_4256,attack,0.9992
CSHT_4257,attack,0.9575
CSHT_4258,attack,0.9944
CSHT_4259,attack,0.9992
CSHT_4260,attack,0.8106
CSHT_4261,normal,0.6425
CSHT_4262,attack,0.9992
CSHT_4263,attack,0.9776
CSHT_4264,attack,0.9832
CSHT_4265,attack,0.9905
CSHT_4266,attack,0.9992
CSHT_4267,attack,0.9155
CSHT_4268,attack,0.9631
CSHT_4269,attack,0.9736
CSHT_4270,attack,0.9793
CSHT_4271,attack,0.9121
CSHT_4272,attack,0.9992
CSHT_4273,attack,0.9574
CSHT_4274,attack,0.9865
CSHT_4275,attack,0.9992
CSHT_4276,attack,0.6668
CSHT_4277,attack,0.9594
CSHT_4278,attack,0.9992
CSHT_4279,attack,0.9992
CSHT_4280,attack,0.9648
CSHT_4281,attack,0.5852
CSHT_4282,attack,0.9992
CSHT_4283,attack,0.8898
CSHT_4284,attack,0.8761
CSHT_4285,attack,0.9992
CSHT_4286,attack,0.9431
CSHT_4287,attack,0.9949
CSHT_4288,attack,0.9873
CSHT_4289,attack,0.9958
CSHT_4290,attack,0.9992
CSHT_4291,normal,0.6741
CSHT_4292,attack,0.9992
CSHT_4293,attack,0.9992
CSHT_4294,attack,0.9526
CSHT_4295,attack,0.9992
CSHT_4296,attack,0.8952
CSHT_4297,attack,0.9992
CSHT_4298,attack,0.9785
CSHT_4299,attack,0.9992
CSHT_4300,attack,0.7597
CSHT_4301,normal,0.5801
CSHT_4302,attack,0.9992
CSHT_4303,attack,0.9212
CSHT_4304,attack,0.9439
CSHT_4305,attack,0.9992
CSHT_4306,attack,0.9992
CSHT_4307,attack,0.5907
CSHT_4308,attack,0.9992
CSHT_4309,attack,0.9992
CSHT_4310,attack,0.9937
CSHT_4311,attack,0.9946
CSHT_4312,attack,0.9683
CSHT_4313,attack,0.9137
CSHT_4314,attack,0.9903
CSHT_4315,attack,0.9992
CSHT_4316,attack,0.9876
CSHT_4317,normal,0.6726
CSHT_4318,attack,0.9992
CSHT_4319,attack,0.9992
CSHT_4320,attack,0.9992
CSHT_4321,attack,0.5716
CSHT_4322,attack,0.9992
CSHT_4323,attack,0.9914
CSHT_4324,attack,0.8849
CSHT_4325,attack,0.9992
CSHT_4326,attack,0.9992
CSHT_4327,attack,0.9992
CSHT_4328,attack,0.9992
CSHT_4329,attack,0.9992
CSHT_4330,attack,0.8378
CSHT_4331,attack,0.6885
CSHT_4332,attack,0.9992
CSHT_4333,attack,0.9992
CSHT_4334,attack,0.9427
CSHT_4335,attack,0.9992
CSHT_4336,attack,0.9992
CSHT_4337,attack,0.605
CSHT_4338,attack,0.9992
CSHT_4339,attack,0.9992
CSHT_4340,attack,0.9984
CSHT_4341,attack,0.7107
CSHT_4342,attack,0.9992
CSHT_4343,attack,0.8085
CSHT_4344,attack,0.6893
CSHT_4345,attack,0.9992
CSHT_4346,attack,0.9992
CSHT_4347,attack,0.9547
CSHT_4348,attack,0.9992
CSHT_4349,attack,0.7182
CSHT_4350,attack,0.9547
CSHT_4351,attack,0.8622
CSHT_4352,attack,0.9992
CSHT_4353,attack,0.9849
CSHT_4354,attack,0.8424
CSHT_4355,attack,0.9505
CSHT_4356,attack,0.9992
CSHT_4357,attack,0.9817
CSHT_4358,attack,0.9992
CSHT_4359,attack,0.9879
CSHT_4360,attack,0.9904
CSHT_4361,attack,0.9992
CSHT_4362,attack,0.9746
CSHT_4363,attack,0.8913
CSHT_4364,attack,0.6042
CSHT_4365,attack,0.9992
CSHT_4366,attack,0.9992
CSHT_4367,attack,0.9789
CSHT_4368,attack,0.9992
CSHT_4369,attack,0.9992
CSHT_4370,attack,0.9606
CSHT_4371,attack,0.9289
CSHT_4372,attack,0.9992
CSHT_4373,attack,0.949
CSHT_4374,attack,0.9992
CSHT_4375,attack,0.9848
CSHT_4376,attack,0.9992
CSHT_4377,attack,0.7355
CSHT_4378,attack,0.9992
CSHT_4379,attack,0.9992
CSHT_4380,attack,0.957
CSHT_4381,attack,0.9984
CSHT_4382,attack,0.985
CSHT_4383,attack,0.8293
CSHT_4384,attack,0.5087
CSHT_4385,attack,0.9746
CSHT_4386,attack,0.9497
CSHT_4387,attack,0.6506
CSHT_4388,attack,0.9992
CSHT_4389,attack,0.9992
CSHT_4390,attack,0.9012
CSHT_4391,attack,0.7101
CSHT_4392,attack,0.9992
CSHT_4393,attack,0.9202
CSHT_4394,attack,0.9992
CSHT_4395,attack,0.9992
CSHT_4396,attack,0.9992
CSHT_4397,attack,0.9992
CSHT_4398,attack,0.9992
CSHT_4399,attack,0.9901
CSHT_4400,attack,0.9742
CSHT_4401,attack,0.8299
CSHT_4402,attack,0.8269
CSHT_4403,attack,0.9028
CSHT_4404,attack,0.8148
CSHT_4405,attack,0.8858
CSHT_4406,attack,0.8594
CSHT_4407,attack,0.9992
CSHT_4408,attack,0.9992
CSHT_4409,attack,0.9403
CSHT_4410,attack,0.9741
CSHT_4411,attack,0.9806
CSHT_4412,attack,0.9992
CSHT_4413,attack,0.9992
CSHT_4414,normal,0.6605
CSHT_4415,attack,0.9992
CSHT_4416,attack,0.9992
CSHT_4417,attack,0.9411
CSHT_4418,attack,0.9728
CSHT_4419,attack,0.9992
CSHT_4420,attack,0.937
CSHT_4421,attack,0.9946
CSHT_4422,attack,0.9164
CSHT_4423,attack,0.8203
CSHT_4424,attack,0.8725
CSHT_4425,attack,0.9663
CSHT_4426,attack,0.9867
CSHT_4427,attack,0.9869
CSHT_4428,attack,0.9992
CSHT_4429,attack,0.9737
CSHT_4430,attack,0.9992
CSHT_4431,attack,0.9558
CSHT_4432,attack,0.9992
CSHT_4433,attack,0.9951
CSHT_4434,attack,0.9971
CSHT_4435,attack,0.9992
CSHT_4436,attack,0.8737
CSHT_4437,attack,0.9506
CSHT_4438,attack,0.9546
CSHT_4439,attack,0.9992
CSHT_4440,attack,0.9992
CSHT_4441,attack,0.7762
CSHT_4442,attack,0.9992
CSHT_4443,attack,0.7071
CSHT_4444,attack,0.7752
CSHT_4445,attack,0.9992
CSHT_4446,attack,0.9984
CSHT_4447,attack,0.9391
CSHT_4448,attack,0.9204
CSHT_4449,attack,0.9893
CSHT_4450,attack,0.9187
CSHT_4451,attack,0.9767
CSHT_4452,attack,0.9992
CSHT_4453,attack,0.9992
CSHT_4454,attack,0.9038
CSHT_4455,attack,0.9532
CSHT_4456,attack,0.9992
CSHT_4457,attack,0.8765
CSHT_4458,attack,0.9992
CSHT_4459,attack,0.7083
CSHT_4460,attack,0.7918
CSHT_4461,attack,0.891
CSHT_4462,attack,0.9992
CSHT_4463,attack,0.9603
CSHT_4464,attack,0.8118
CSHT_4465,attack,0.9992
CSHT_4466,attack,0.9992
CSHT_4467,attack,0.7382
CSHT_4468,attack,0.9992
CSHT_4469,attack,0.9868
CSHT_4470,attack,0.898
CSHT_4471,normal,0.7632
CSHT_4472,attack,0.9992
CSHT_4473,attack,0.9849
CSHT_4474,attack,0.9411
CSHT_4475,attack,0.9711
CSHT_4476,attack,0.9992
CSHT_4477,attack,0.9305
CSHT_4478,attack,0.9906
CSHT_4479,attack,0.9551
CSHT_4480,attack,0.9992
CSHT_4481,attack,0.819
CSHT_4482,attack,0.9928
CSHT_4483,attack,0.9992
CSHT_4484,attack,0.7836
CSHT_4485,attack,0.9992
CSHT_4486,attack,0.9992
CSHT_4487,attack,0.8052
CSHT_4488,attack,0.9992
CSHT_4489,attack,0.9992
CSHT_4490,attack,0.9992
CSHT_4491,attack,0.9173
CSHT_4492,attack,0.9992
CSHT_4493,attack,0.9806
CSHT_4494,attack,0.9744
CSHT_4495,attack,0.9855
CSHT_4496,attack,0.9992
CSHT_4497,attack,0.6258
CSHT_4498,attack,0.9992
CSHT_4499,attack,0.9992
CSHT_4500,attack,0.9695
CSHT_4501,attack,0.5692
CSHT_4502,attack,0.954
CSHT_4503,attack,0.9302
CSHT_4504,attack,0.8986
CSHT_4505,attack,0.9992
CSHT_4506,attack,0.9992
CSHT_4507,attack,0.9528
CSHT_4508,attack,0.8606
CSHT_4509,attack,0.9992
CSHT_4510,attack,0.9328
CSHT_4511,attack,0.849
CSHT_4512,attack,0.9992
CSHT_4513,attack,0.9407
CSHT_4514,attack,0.9711
CSHT_4515,attack,0.9992
CSHT_4516,attack,0.9508
CSHT_4517,attack,0.9991
CSHT_4518,attack,0.9992
CSHT_4519,attack,0.8327
CSHT_4520,attack,0.9983
CSHT_4521,attack,0.5087
CSHT_4522,attack,0.9992
CSHT_4523,attack,0.9992
CSHT_4524,attack,0.9929
CSHT_4525,attack,0.9937
CSHT_4526,attack,0.8977
CSHT_4527,attack,0.9005
CSHT_4528,attack,0.9992
CSHT_4529,attack,0.9335
CSHT_4530,attack,0.8173
CSHT_4531,normal,0.5743
CSHT_4532,attack,0.9992
CSHT_4533,attack,0.9924
CSHT_4534,attack,0.8572
CSHT_4535,attack,0.9992
CSHT_4536,attack,0.9992
CSHT_4537,attack,0.9992
CSHT_4538,attack,0.9992
CSHT_4539,attack,0.9992
CSHT_4540,attack,0.9385
CSHT_4541,normal,0.746
CSHT_4542,attack,0.9992
CSHT_4543,attack,0.9692
CSHT_4544,attack,0.9735
CSHT_4545,attack,0.965
CSHT_4546,attack,0.9992
CSHT_4547,attack,0.7889
CSHT_4548,attack,0.9992
CSHT_4549,attack,0.9539
CSHT_4550,attack,0.9271
CSHT_4551,attack,0.5294
CSHT_4552,attack,0.9992
CSHT_4553,attack,0.8785
CSHT_4554,attack,0.9992
CSHT_4555,attack,0.9992
CSHT_4556,attack,0.9931
CSHT_4557,attack,0.9422
CSHT_4558,attack,0.9992
CSHT_4559,attack,0.9992
CSHT_4560,attack,0.6309
CSHT_4561,attack,0.8622
CSHT_4562,attack,0.9758
CSHT_4563,attack,0.7146
CSHT_4564,attack,0.8988
CSHT_4565,attack,0.9992
CSHT_4566,attack,0.9754
CSHT_4567,attack,0.58
CSHT_4568,attack,0.9782
CSHT_4569,attack,0.9435
CSHT_4570,attack,0.9628
CSHT_4571,attack,0.9806
CSHT_4572,attack,0.9992
CSHT_4573,attack,0.9451
CSHT_4574,attack,0.9934
CSHT_4575,attack,0.9895
CSHT_4576,attack,0.9931
CSHT_4577,attack,0.6604
CSHT_4578,attack,0.9992
CSHT_4579,attack,0.991
CSHT_4580,attack,0.8178
CSHT_4581,attack,0.8895
CSHT_4582,attack,0.9992
CSHT_4583,attack,0.992
CSHT_4584,attack,0.5342
CSHT_4585,attack,0.9508
CSHT_4586,attack,0.9992
CSHT_4587,attack,0.9987
CSHT_4588,attack,0.9743
CSHT_4589,attack,0.877
CSHT_4590,attack,0.973
CSHT_4591,attack,0.9841
CSHT_4592,attack,0.9616
CSHT_4593,attack,0.9992
CSHT_4594,attack,0.9445
CSHT_4595,attack,0.9928
CSHT_4596,attack,0.9992
CSHT_4597,attack,0.999
CSHT_4598,attack,0.9992
CSHT_4599,attack,0.9755
CSHT_4600,attack,0.9657
CSHT_4601,normal,0.6442
CSHT_4602,attack,0.9864
CSHT_4603,attack,0.9992
CSHT_4604,attack,0.9992
CSHT_4605,attack,0.9992
CSHT_4606,attack,0.9992
CSHT_4607,attack,0.971
CSHT_4608,attack,0.9992
CSHT_4609,attack,0.9992
CSHT_4610,attack,0.8434
CSHT_4611,attack,0.9361
CSHT_4612,attack,0.9992
CSHT_4613,attack,0.9992
CSHT_4614,normal,0.5501
CSHT_4615,attack,0.9807
CSHT_4616,attack,0.9851
CSHT_4617,attack,0.8975
CSHT_4618,attack,0.9992
CSHT_4619,attack,0.9992
CSHT_4620,attack,0.9577
CSHT_4621,attack,0.5126
CSHT_4622,attack,0.9992
CSHT_4623,attack,0.9597
CSHT_4624,normal,0.6483
CSHT_4625,attack,0.9992
CSHT_4626,attack,0.9618
CSHT_4627,attack,0.6819
CSHT_4628,attack,0.9992
CSHT_4629,attack,0.9992
CSHT_4630,attack,0.9243
CSHT_4631,attack,0.9037
CSHT_4632,attack,0.9992
CSHT_4633,attack,0.9516
CSHT_4634,attack,0.94
CSHT_4635,attack,0.9992
CSHT_4636,attack,0.9992
CSHT_4637,attack,0.8665
CSHT_4638,attack,0.9746
CSHT_4639,attack,0.9992
CSHT_4640,attack,0.9214
CSHT_4641,attack,0.9992
CSHT_4642,attack,0.9992
CSHT_4643,attack,0.9317
CSHT_4644,normal,0.7203
CSHT_4645,attack,0.9837
CSHT_4646,attack,0.8032
CSHT_4647,attack,0.9437
CSHT_4648,attack,0.9992
CSHT_4649,attack,0.9425
CSHT_4650,attack,0.9653
CSHT_4651,normal,0.6376
CSHT_4652,attack,0.925
CSHT_4653,attack,0.949
CSHT_4654,attack,0.8627
CSHT_4655,attack,0.9992
CSHT_4656,attack,0.9583
CSHT_4657,attack,0.746
CSHT_4658,attack,0.9992
CSHT_4659,attack,0.7844
CSHT_4660,attack,0.8629
CSHT_4661,normal,0.5484
CSHT_4662,attack,0.9469
CSHT_4663,attack,0.9992
CSHT_4664,attack,0.8635
CSHT_4665,attack,0.9992
CSHT_4666,attack,0.9208
CSHT_4667,attack,0.9556
CSHT_4668,attack,0.9354
CSHT_4669,attack,0.9992
CSHT_4670,attack,0.9992
CSHT_4671,attack,0.5685
CSHT_4672,attack,0.9992
CSHT_4673,attack,0.9379
CSHT_4674,attack,0.6858
CSHT_4675,attack,0.9992
CSHT_4676,attack,0.9992
CSHT_4677,attack,0.999
CSHT_4678,attack,0.9992
CSHT_4679,attack,0.9489
CSHT_4680,attack,0.9992
CSHT_4681,normal,0.864
CSHT_4682,attack,0.9992
CSHT_4683,attack,0.9262
CSHT_4684,attack,0.6894
CSHT_4685,attack,0.9905
CSHT_4686,attack,0.9992
CSHT_4687,attack,0.8549
CSHT_4688,attack,0.9992
CSHT_4689,attack,0.7485
CSHT_4690,attack,0.9632
CSHT_4691,attack,0.7491
CSHT_4692,attack,0.9541
CSHT_4693,attack,0.8485
CSHT_4694,attack,0.6342
CSHT_4695,attack,0.9992
CSHT_4696,attack,0.9992
CSHT_4697,attack,0.8169
CSHT_4698,attack,0.9992
CSHT_4699,attack,0.9992
CSHT_4700,attack,0.9992
CSHT_4701,attack,0.9992
CSHT_4702,attack,0.9992
CSHT_4703,attack,0.8166
CSHT_4704,attack,0.9023
CSHT_4705,attack,0.986
CSHT_4706,attack,0.9992
CSHT_4707,attack,0.8692
CSHT_4708,attack,0.9992
CSHT_4709,attack,0.9992
CSHT_4710,attack,0.9992
CSHT_4711,normal,0.626
CSHT_4712,attack,0.9992
CSHT_4713,attack,0.9612
CSHT_4714,attack,0.957
CSHT_4715,attack,0.9992
CSHT_4716,attack,0.9866
CSHT_4717,normal,0.5857
CSHT_4718,attack,0.9824
CSHT_4719,attack,0.9992
CSHT_4720,attack,0.8178
CSHT_4721,attack,0.5584
CSHT_4722,attack,0.9992
CSHT_4723,attack,0.9748
CSHT_4724,attack,0.8626
CSHT_4725,attack,0.9992
CSHT_4726,attack,0.974
CSHT_4727,attack,0.9148
CSHT_4728,attack,0.9992
CSHT_4729,attack,0.9992
CSHT_4730,attack,0.9021
CSHT_4731,normal,0.7262
CSHT_4732,attack,0.9891
CSHT_4733,attack,0.9298
CSHT_4734,attack,0.9429
CSHT_4735,attack,0.9922
CSHT_4736,attack,0.9992
CSHT_4737,attack,0.9284
CSHT_4738,attack,0.9992
CSHT_4739,attack,0.8841
CSHT_4740,attack,0.9743
CSHT_4741,attack,0.8517
CSHT_4742,attack,0.9992
CSHT_4743,attack,0.9436
CSHT_4744,attack,0.5148
CSHT_4745,attack,0.9992
CSHT_4746,attack,0.8072
CSHT_4747,attack,0.9992
CSHT_4748,attack,0.9992
CSHT_4749,attack,0.9531
CSHT_4750,attack,0.9361
CSHT_4751,normal,0.6684
CSHT_4752,attack,0.9992
CSHT_4753,attack,0.9992
CSHT_4754,attack,0.8403
CSHT_4755,attack,0.9992
CSHT_4756,attack,0.9992
CSHT_4757,attack,0.8865
CSHT_4758,attack,0.9842
CSHT_4759,attack,0.9992
CSHT_4760,attack,0.999
CSHT_4761,attack,0.9847
CSHT_4762,attack,0.9992
CSHT_4763,attack,0.6693
CSHT_4764,attack,0.9865
CSHT_4765,attack,0.9992
CSHT_4766,attack,0.9992
CSHT_4767,attack,0.9055
CSHT_4768,attack,0.9992
CSHT_4769,attack,0.9992
CSHT_4770,attack,0.8231
CSHT_4771,attack,0.8275
CSHT_4772,attack,0.9992
CSHT_4773,attack,0.7163
CSHT_4774,normal,0.5168
CSHT_4775,attack,0.9992
CSHT_4776,attack,0.9992
CSHT_4777,attack,0.9382
CSHT_4778,attack,0.9754
CSHT_4779,attack,0.9992
CSHT_4780,attack,0.9918
CSHT_4781,attack,0.8928
CSHT_4782,attack,0.9992
CSHT_4783,attack,0.9753
CSHT_4784,attack,0.9992
CSHT_4785,attack,0.9992
CSHT_4786,attack,0.9529
CSHT_4787,attack,0.8416
CSHT_4788,attack,0.9753
CSHT_4789,attack,0.9992
CSHT_4790,attack,0.9316
CSHT_4791,normal,0.5824
CSHT_4792,attack,0.9704
CSHT_4793,attack,0.9992
CSHT_4794,attack,0.9992
CSHT_4795,attack,0.9209
CSHT_4796,attack,0.9746
CSHT_4797,attack,0.8813
CSHT_4798,attack,0.9992
CSHT_4799,attack,0.9992
CSHT_4800,attack,0.7114
CSHT_4801,attack,0.7425
CSHT_4802,attack,0.9666
CSHT_4803,attack,0.9669
CSHT_4804,attack,0.8661
CSHT_4805,attack,0.9849
CSHT_4806,attack,0.9342
CSHT_4807,attack,0.9819
CSHT_4808,attack,0.9992
CSHT_4809,attack,0.9632
CSHT_4810,attack,0.9759
CSHT_4811,normal,0.9039
CSHT_4812,attack,0.9992
CSHT_4813,attack,0.9992
CSHT_4814,attack,0.6603
CSHT_4815,attack,0.9895
CSHT_4816,attack,0.9268
CSHT_4817,attack,0.6059
CSHT_4818,attack,0.9992
CSHT_4819,attack,0.9768
CSHT_4820,attack,0.9454
CSHT_4821,attack,0.9914
CSHT_4822,attack,0.9794
CSHT_4823,attack,0.6188
CSHT_4824,attack,0.765
CSHT_4825,attack,0.9655
CSHT_4826,attack,0.9992
CSHT_4827,attack,0.851
CSHT_4828,attack,0.9992
CSHT_4829,attack,0.9992
CSHT_4830,attack,0.9992
CSHT_4831,attack,0.9294
CSHT_4832,attack,0.9992
CSHT_4833,attack,0.948
CSHT_4834,attack,0.8469
CSHT_4835,attack,0.9837
CSHT_4836,attack,0.8612
CSHT_4837,attack,0.9487
CSHT_4838,attack,0.9992
CSHT_4839,attack,0.9758
CSHT_4840,attack,0.9196
CSHT_4841,attack,0.9806
CSHT_4842,attack,0.9992
CSHT_4843,attack,0.9836
CSHT_4844,attack,0.9629
CSHT_4845,attack,0.976
CSHT_4846,attack,0.9771
CSHT_4847,attack,0.9992
CSHT_4848,attack,0.9538
CSHT_4849,attack,0.9992
CSHT_4850,attack,0.9408
CSHT_4851,normal,0.8728
CSHT_4852,attack,0.9941
CSHT_4853,attack,0.9804
CSHT_4854,attack,0.8611
CSHT_4855,attack,0.9873
CSHT_4856,attack,0.9992
CSHT_4857,attack,0.9613
CSHT_4858,attack,0.9992
CSHT_4859,attack,0.9531
CSHT_4860,attack,0.9914
CSHT_4861,normal,0.7011
CSHT_4862,attack,0.9992
CSHT_4863,attack,0.9992
CSHT_4864,attack,0.9376
CSHT_4865,attack,0.9992
CSHT_4866,attack,0.9779
CSHT_4867,attack,0.9368
CSHT_4868,attack,0.9234
CSHT_4869,attack,0.6336
CSHT_4870,attack,0.9696
CSHT_4871,attack,0.7103
CSHT_4872,attack,0.9992
CSHT_4873,attack,0.9539
CSHT_4874,normal,0.7056
CSHT_4875,attack,0.9882
CSHT_4876,attack,0.9738
CSHT_4877,attack,0.9676
CSHT_4878,attack,0.9992
CSHT_4879,attack,0.9483
CSHT_4880,attack,0.999
CSHT_4881,attack,0.7809
CSHT_4882,attack,0.9992
CSHT_4883,attack,0.9942
CSHT_4884,attack,0.6908
CSHT_4885,attack,0.9992
CSHT_4886,attack,0.9992
CSHT_4887,attack,0.569
CSHT_4888,attack,0.9992
CSHT_4889,attack,0.9992
CSHT_4890,attack,0.9992
CSHT_4891,attack,0.5641
CSHT_4892,attack,0.972
CSHT_4893,attack,0.9833
CSHT_4894,normal,0.6281
CSHT_4895,attack,0.9992
CSHT_4896,attack,0.9992
CSHT_4897,attack,0.9717
CSHT_4898,attack,0.9992
CSHT_4899,attack,0.9756
CSHT_4900,attack,0.9992
CSHT_4901,attack,0.8641
CSHT_4902,attack,0.9992
CSHT_4903,attack,0.9992
CSHT_4904,attack,0.9757
CSHT_4905,attack,0.959
CSHT_4906,attack,0.9992
CSHT_4907,normal,0.5678
CSHT_4908,attack,0.9992
CSHT_4909,attack,0.9935
CSHT_4910,attack,0.803
CSHT_4911,normal,0.7383
CSHT_4912,attack,0.9398
CSHT_4913,attack,0.9893
CSHT_4914,normal,0.6074
CSHT_4915,attack,0.9992
CSHT_4916,attack,0.9309
CSHT_4917,attack,0.9992
CSHT_4918,attack,0.9992
CSHT_4919,attack,0.8694
CSHT_4920,attack,0.9992
CSHT_4921,normal,0.7113
CSHT_4922,attack,0.9992
CSHT_4923,attack,0.9992
CSHT_4924,attack,0.6873
CSHT_4925,attack,0.9992
CSHT_4926,attack,0.9797
CSHT_4927,normal,0.5842
CSHT_4928,attack,0.9992
CSHT_4929,attack,0.9868
CSHT_4930,attack,0.9909
CSHT_4931,attack,0.9529
CSHT_4932,attack,0.9992
CSHT_4933,attack,0.9992
CSHT_4934,attack,0.7573
CSHT_4935,attack,0.9992
CSHT_4936,attack,0.966
CSHT_4937,attack,0.8591
CSHT_4938,attack,0.9992
CSHT_4939,attack,0.9992
CSHT_4940,attack,0.9276
CSHT_4941,attack,0.9299
CSHT_4942,attack,0.9774
CSHT_4943,attack,0.9961
CSHT_4944,attack,0.9598
CSHT_4945,attack,0.9992
CSHT_4946,attack,0.9915
CSHT_4947,attack,0.7268
CSHT_4948,attack,0.9992
CSHT_4949,attack,0.9992
CSHT_4950,attack,0.9558
CSHT_4951,attack,0.9378
CSHT_4952,attack,0.9945
CSHT_4953,attack,0.8129
CSHT_4954,attack,0.7079
CSHT_4955,attack,0.9766
CSHT_4956,attack,0.9992
CSHT_4957,attack,0.5624
CSHT_4958,attack,0.9992
CSHT_4959,attack,0.9992
CSHT_4960,attack,0.8852
CSHT_4961,normal,0.6194
CSHT_4962,attack,0.9992
CSHT_4963,attack,0.8905
CSHT_4964,attack,0.882
CSHT_4965,attack,0.9953
CSHT_4966,attack,0.9869
CSHT_4967,attack,0.9992
CSHT_4968,attack,0.9871
CSHT_4969,attack,0.9258
CSHT_4970,attack,0.9541
CSHT_4971,attack,0.8761
CSHT_4972,attack,0.9992
CSHT_4973,attack,0.9644
CSHT_4974,normal,0.833
CSHT_4975,attack,0.9992
CSHT_4976,attack,0.9992
CSHT_4977,attack,0.935
CSHT_4978,attack,0.9719
CSHT_4979,attack,0.9992
CSHT_4980,attack,0.9992
CSHT_4981,attack,0.9038
CSHT_4982,attack,0.9992
CSHT_4983,attack,0.9992
CSHT_4984,attack,0.9628
CSHT_4985,attack,0.9992
CSHT_4986,attack,0.7928
CSHT_4987,attack,0.8674
CSHT_4988,attack,0.9817
CSHT_4989,attack,0.9256
CSHT_4990,attack,0.9991
CSHT_4991,attack,0.5384
CSHT_4992,attack,0.9029
CSHT_4993,attack,0.9992
CSHT_4994,attack,0.7067
CSHT_4995,attack,0.9483
CSHT_4996,attack,0.8311
CSHT_4997,attack,0.9991
CSHT_4998,attack,0.9897
CSHT_4999,attack,0.9751
